[2026-08-04 05:14:28] local.ERROR: SQLSTATE[42S02]: Base table or view not found: 1146 Table 'smpit_almutaqin.jobs' doesn't exist (Connection: mysql, Host: 127.0.0.1, Port: 3306, Database: smpit_almutaqin, SQL: select * from `jobs` where `queue` = default and ((`reserved_at` is null and `available_at` <= 1785820463) or (`reserved_at` <= 1785820373)) order by `id` asc limit 1 FOR UPDATE SKIP LOCKED) {"exception":"[object] (Illuminate\\Database\\QueryException(code: 42S02): SQLSTATE[42S02]: Base table or view not found: 1146 Table 'smpit_almutaqin.jobs' doesn't exist (Connection: mysql, Host: 127.0.0.1, Port: 3306, Database: smpit_almutaqin, SQL: select * from `jobs` where `queue` = default and ((`reserved_at` is null and `available_at` <= 1785820463) or (`reserved_at` <= 1785820373)) order by `id` asc limit 1 FOR UPDATE SKIP LOCKED) at C:/Users/Windows/.gemini/antigravity-ide/scratch/smpit-almutaqin-presensi/vendor/laravel/framework/src/Illuminate/Database/Connection.php:857)
[stacktrace]
#0 C:/Users/Windows/.gemini/antigravity-ide/scratch/smpit-almutaqin-presensi/vendor/laravel/framework/src/Illuminate/Database/Connection.php(813): Illuminate/Database/Connection->runQueryCallback('select * from `...', Array, Object(Closure))
#1 C:/Users/Windows/.gemini/antigravity-ide/scratch/smpit-almutaqin-presensi/vendor/laravel/framework/src/Illuminate/Database/Connection.php(426): Illuminate/Database/Connection->run('select * from `...', Array, Object(Closure))
#2 C:/Users/Windows/.gemini/antigravity-ide/scratch/smpit-almutaqin-presensi/vendor/laravel/framework/src/Illuminate/Database/Query/Builder.php(3574): Illuminate/Database/Connection->select('select * from `...', Array, false, Array)
#3 C:/Users/Windows/.gemini/antigravity-ide/scratch/smpit-almutaqin-presensi/vendor/laravel/framework/src/Illuminate/Database/Query/Builder.php(3558): Illuminate/Database/Query/Builder->runSelect()
#4 C:/Users/Windows/.gemini/antigravity-ide/scratch/smpit-almutaqin-presensi/vendor/laravel/framework/src/Illuminate/Database/Concerns/BuildsQueries.php(366): Illuminate/Database/Query/Builder->get(Array)
#5 C:/Users/Windows/.gemini/antigravity-ide/scratch/smpit-almutaqin-presensi/vendor/laravel/framework/src/Illuminate/Queue/DatabaseQueue.php(428): Illuminate/Database/Query/Builder->first()
#6 C:/Users/Windows/.gemini/antigravity-ide/scratch/smpit-almutaqin-presensi/vendor/laravel/framework/src/Illuminate/Queue/DatabaseQueue.php(392): Illuminate/Queue/DatabaseQueue->getNextAvailableJob('default')
#7 C:/Users/Windows/.gemini/antigravity-ide/scratch/smpit-almutaqin-presensi/vendor/laravel/framework/src/Illuminate/Database/Concerns/ManagesTransactions.php(35): Illuminate/Queue/DatabaseQueue->Illuminate/Queue/{closure}(Object(Illuminate/Database/MySqlConnection))
#8 C:/Users/Windows/.gemini/antigravity-ide/scratch/smpit-almutaqin-presensi/vendor/laravel/framework/src/Illuminate/Queue/DatabaseQueue.php(391): Illuminate/Database/Connection->transaction(Object(Closure))
#9 C:/Users/Windows/.gemini/antigravity-ide/scratch/smpit-almutaqin-presensi/vendor/laravel/framework/src/Illuminate/Queue/Worker.php(434): Illuminate/Queue/DatabaseQueue->pop('default', 0)
#10 C:/Users/Windows/.gemini/antigravity-ide/scratch/smpit-almutaqin-presensi/vendor/laravel/framework/src/Illuminate/Queue/Worker.php(457): Illuminate/Queue/Worker->Illuminate/Queue/{closure}('default', 0)
#11 C:/Users/Windows/.gemini/antigravity-ide/scratch/smpit-almutaqin-presensi/vendor/laravel/framework/src/Illuminate/Queue/Worker.php(243): Illuminate/Queue/Worker->getNextJob(Object(Illuminate/Queue/DatabaseQueue), 'default')
#12 C:/Users/Windows/.gemini/antigravity-ide/scratch/smpit-almutaqin-presensi/vendor/laravel/framework/src/Illuminate/Queue/Console/WorkCommand.php(149): Illuminate/Queue/Worker->daemon('database', 'default', Object(Illuminate/Queue/WorkerOptions))
#13 C:/Users/Windows/.gemini/antigravity-ide/scratch/smpit-almutaqin-presensi/vendor/laravel/framework/src/Illuminate/Queue/Console/WorkCommand.php(132): Illuminate/Queue/Console/WorkCommand->runWorker('database', 'default')
#14 C:/Users/Windows/.gemini/antigravity-ide/scratch/smpit-almutaqin-presensi/vendor/laravel/framework/src/Illuminate/Container/BoundMethod.php(36): Illuminate/Queue/Console/WorkCommand->handle()
#15 C:/Users/Windows/.gemini/antigravity-ide/scratch/smpit-almutaqin-presensi/vendor/laravel/framework/src/Illuminate/Container/Util.php(43): Illuminate/Container/BoundMethod::Illuminate/Container/{closure}()
#16 C:/Users/Windows/.gemini/antigravity-ide/scratch/smpit-almutaqin-presensi/vendor/laravel/framework/src/Illuminate/Container/BoundMethod.php(96): Illuminate/Container/Util::unwrapIfClosure(Object(Closure))
#17 C:/Users/Windows/.gemini/antigravity-ide/scratch/smpit-almutaqin-presensi/vendor/laravel/framework/src/Illuminate/Container/BoundMethod.php(35): Illuminate/Container/BoundMethod::callBoundMethod(Object(Illuminate/Foundation/Application), Array, Object(Closure))
#18 C:/Users/Windows/.gemini/antigravity-ide/scratch/smpit-almutaqin-presensi/vendor/laravel/framework/src/Illuminate/Container/Container.php(800): Illuminate/Container/BoundMethod::call(Object(Illuminate/Foundation/Application), Array, Array, NULL)
#19 C:/Users/Windows/.gemini/antigravity-ide/scratch/smpit-almutaqin-presensi/vendor/laravel/framework/src/Illuminate/Console/Command.php(280): Illuminate/Container/Container->call(Array)
#20 C:/Users/Windows/.gemini/antigravity-ide/scratch/smpit-almutaqin-presensi/vendor/symfony/console/Command/Command.php(341): Illuminate/Console/Command->execute(Object(Symfony/Component/Console/Input/ArgvInput), Object(Illuminate/Console/OutputStyle))
#21 C:/Users/Windows/.gemini/antigravity-ide/scratch/smpit-almutaqin-presensi/vendor/laravel/framework/src/Illuminate/Console/Command.php(249): Symfony/Component/Console/Command/Command->run(Object(Symfony/Component/Console/Input/ArgvInput), Object(Illuminate/Console/OutputStyle))
#22 C:/Users/Windows/.gemini/antigravity-ide/scratch/smpit-almutaqin-presensi/vendor/symfony/console/Application.php(1117): Illuminate/Console/Command->run(Object(Symfony/Component/Console/Input/ArgvInput), Object(Symfony/Component/Console/Output/ConsoleOutput))
#23 C:/Users/Windows/.gemini/antigravity-ide/scratch/smpit-almutaqin-presensi/vendor/symfony/console/Application.php(356): Symfony/Component/Console/Application->doRunCommand(Object(Illuminate/Queue/Console/WorkCommand), Object(Symfony/Component/Console/Input/ArgvInput), Object(Symfony/Component/Console/Output/ConsoleOutput))
#24 C:/Users/Windows/.gemini/antigravity-ide/scratch/smpit-almutaqin-presensi/vendor/symfony/console/Application.php(195): Symfony/Component/Console/Application->doRun(Object(Symfony/Component/Console/Input/ArgvInput), Object(Symfony/Component/Console/Output/ConsoleOutput))
#25 C:/Users/Windows/.gemini/antigravity-ide/scratch/smpit-almutaqin-presensi/vendor/laravel/framework/src/Illuminate/Foundation/Console/Kernel.php(198): Symfony/Component/Console/Application->run(Object(Symfony/Component/Console/Input/ArgvInput), Object(Symfony/Component/Console/Output/ConsoleOutput))
#26 C:/Users/Windows/.gemini/antigravity-ide/scratch/smpit-almutaqin-presensi/vendor/laravel/framework/src/Illuminate/Foundation/Application.php(1242): Illuminate/Foundation/Console/Kernel->handle(Object(Symfony/Component/Console/Input/ArgvInput), Object(Symfony/Component/Console/Output/ConsoleOutput))
#27 C:/Users/Windows/.gemini/antigravity-ide/scratch/smpit-almutaqin-presensi/artisan(16): Illuminate/Foundation/Application->handleCommand(Object(Symfony/Component/Console/Input/ArgvInput))
#28 {main}

[previous exception] [object] (PDOException(code: 42S02): SQLSTATE[42S02]: Base table or view not found: 1146 Table 'smpit_almutaqin.jobs' doesn't exist at C:/Users/Windows/.gemini/antigravity-ide/scratch/smpit-almutaqin-presensi/vendor/laravel/framework/src/Illuminate/Database/Connection.php:435)
[stacktrace]
#0 C:/Users/Windows/.gemini/antigravity-ide/scratch/smpit-almutaqin-presensi/vendor/laravel/framework/src/Illuminate/Database/Connection.php(435): PDO->prepare('select * from `...')
#1 C:/Users/Windows/.gemini/antigravity-ide/scratch/smpit-almutaqin-presensi/vendor/laravel/framework/src/Illuminate/Database/Connection.php(846): Illuminate/Database/Connection->Illuminate/Database/{closure}('select * from `...', Array)
#2 C:/Users/Windows/.gemini/antigravity-ide/scratch/smpit-almutaqin-presensi/vendor/laravel/framework/src/Illuminate/Database/Connection.php(813): Illuminate/Database/Connection->runQueryCallback('select * from `...', Array, Object(Closure))
#3 C:/Users/Windows/.gemini/antigravity-ide/scratch/smpit-almutaqin-presensi/vendor/laravel/framework/src/Illuminate/Database/Connection.php(426): Illuminate/Database/Connection->run('select * from `...', Array, Object(Closure))
#4 C:/Users/Windows/.gemini/antigravity-ide/scratch/smpit-almutaqin-presensi/vendor/laravel/framework/src/Illuminate/Database/Query/Builder.php(3574): Illuminate/Database/Connection->select('select * from `...', Array, false, Array)
#5 C:/Users/Windows/.gemini/antigravity-ide/scratch/smpit-almutaqin-presensi/vendor/laravel/framework/src/Illuminate/Database/Query/Builder.php(3558): Illuminate/Database/Query/Builder->runSelect()
#6 C:/Users/Windows/.gemini/antigravity-ide/scratch/smpit-almutaqin-presensi/vendor/laravel/framework/src/Illuminate/Database/Concerns/BuildsQueries.php(366): Illuminate/Database/Query/Builder->get(Array)
#7 C:/Users/Windows/.gemini/antigravity-ide/scratch/smpit-almutaqin-presensi/vendor/laravel/framework/src/Illuminate/Queue/DatabaseQueue.php(428): Illuminate/Database/Query/Builder->first()
#8 C:/Users/Windows/.gemini/antigravity-ide/scratch/smpit-almutaqin-presensi/vendor/laravel/framework/src/Illuminate/Queue/DatabaseQueue.php(392): Illuminate/Queue/DatabaseQueue->getNextAvailableJob('default')
#9 C:/Users/Windows/.gemini/antigravity-ide/scratch/smpit-almutaqin-presensi/vendor/laravel/framework/src/Illuminate/Database/Concerns/ManagesTransactions.php(35): Illuminate/Queue/DatabaseQueue->Illuminate/Queue/{closure}(Object(Illuminate/Database/MySqlConnection))
#10 C:/Users/Windows/.gemini/antigravity-ide/scratch/smpit-almutaqin-presensi/vendor/laravel/framework/src/Illuminate/Queue/DatabaseQueue.php(391): Illuminate/Database/Connection->transaction(Object(Closure))
#11 C:/Users/Windows/.gemini/antigravity-ide/scratch/smpit-almutaqin-presensi/vendor/laravel/framework/src/Illuminate/Queue/Worker.php(434): Illuminate/Queue/DatabaseQueue->pop('default', 0)
#12 C:/Users/Windows/.gemini/antigravity-ide/scratch/smpit-almutaqin-presensi/vendor/laravel/framework/src/Illuminate/Queue/Worker.php(457): Illuminate/Queue/Worker->Illuminate/Queue/{closure}('default', 0)
#13 C:/Users/Windows/.gemini/antigravity-ide/scratch/smpit-almutaqin-presensi/vendor/laravel/framework/src/Illuminate/Queue/Worker.php(243): Illuminate/Queue/Worker->getNextJob(Object(Illuminate/Queue/DatabaseQueue), 'default')
#14 C:/Users/Windows/.gemini/antigravity-ide/scratch/smpit-almutaqin-presensi/vendor/laravel/framework/src/Illuminate/Queue/Console/WorkCommand.php(149): Illuminate/Queue/Worker->daemon('database', 'default', Object(Illuminate/Queue/WorkerOptions))
#15 C:/Users/Windows/.gemini/antigravity-ide/scratch/smpit-almutaqin-presensi/vendor/laravel/framework/src/Illuminate/Queue/Console/WorkCommand.php(132): Illuminate/Queue/Console/WorkCommand->runWorker('database', 'default')
#16 C:/Users/Windows/.gemini/antigravity-ide/scratch/smpit-almutaqin-presensi/vendor/laravel/framework/src/Illuminate/Container/BoundMethod.php(36): Illuminate/Queue/Console/WorkCommand->handle()
#17 C:/Users/Windows/.gemini/antigravity-ide/scratch/smpit-almutaqin-presensi/vendor/laravel/framework/src/Illuminate/Container/Util.php(43): Illuminate/Container/BoundMethod::Illuminate/Container/{closure}()
#18 C:/Users/Windows/.gemini/antigravity-ide/scratch/smpit-almutaqin-presensi/vendor/laravel/framework/src/Illuminate/Container/BoundMethod.php(96): Illuminate/Container/Util::unwrapIfClosure(Object(Closure))
#19 C:/Users/Windows/.gemini/antigravity-ide/scratch/smpit-almutaqin-presensi/vendor/laravel/framework/src/Illuminate/Container/BoundMethod.php(35): Illuminate/Container/BoundMethod::callBoundMethod(Object(Illuminate/Foundation/Application), Array, Object(Closure))
#20 C:/Users/Windows/.gemini/antigravity-ide/scratch/smpit-almutaqin-presensi/vendor/laravel/framework/src/Illuminate/Container/Container.php(800): Illuminate/Container/BoundMethod::call(Object(Illuminate/Foundation/Application), Array, Array, NULL)
#21 C:/Users/Windows/.gemini/antigravity-ide/scratch/smpit-almutaqin-presensi/vendor/laravel/framework/src/Illuminate/Console/Command.php(280): Illuminate/Container/Container->call(Array)
#22 C:/Users/Windows/.gemini/antigravity-ide/scratch/smpit-almutaqin-presensi/vendor/symfony/console/Command/Command.php(341): Illuminate/Console/Command->execute(Object(Symfony/Component/Console/Input/ArgvInput), Object(Illuminate/Console/OutputStyle))
#23 C:/Users/Windows/.gemini/antigravity-ide/scratch/smpit-almutaqin-presensi/vendor/laravel/framework/src/Illuminate/Console/Command.php(249): Symfony/Component/Console/Command/Command->run(Object(Symfony/Component/Console/Input/ArgvInput), Object(Illuminate/Console/OutputStyle))
#24 C:/Users/Windows/.gemini/antigravity-ide/scratch/smpit-almutaqin-presensi/vendor/symfony/console/Application.php(1117): Illuminate/Console/Command->run(Object(Symfony/Component/Console/Input/ArgvInput), Object(Symfony/Component/Console/Output/ConsoleOutput))
#25 C:/Users/Windows/.gemini/antigravity-ide/scratch/smpit-almutaqin-presensi/vendor/symfony/console/Application.php(356): Symfony/Component/Console/Application->doRunCommand(Object(Illuminate/Queue/Console/WorkCommand), Object(Symfony/Component/Console/Input/ArgvInput), Object(Symfony/Component/Console/Output/ConsoleOutput))
#26 C:/Users/Windows/.gemini/antigravity-ide/scratch/smpit-almutaqin-presensi/vendor/symfony/console/Application.php(195): Symfony/Component/Console/Application->doRun(Object(Symfony/Component/Console/Input/ArgvInput), Object(Symfony/Component/Console/Output/ConsoleOutput))
#27 C:/Users/Windows/.gemini/antigravity-ide/scratch/smpit-almutaqin-presensi/vendor/laravel/framework/src/Illuminate/Foundation/Console/Kernel.php(198): Symfony/Component/Console/Application->run(Object(Symfony/Component/Console/Input/ArgvInput), Object(Symfony/Component/Console/Output/ConsoleOutput))
#28 C:/Users/Windows/.gemini/antigravity-ide/scratch/smpit-almutaqin-presensi/vendor/laravel/framework/src/Illuminate/Foundation/Application.php(1242): Illuminate/Foundation/Console/Kernel->handle(Object(Symfony/Component/Console/Input/ArgvInput), Object(Symfony/Component/Console/Output/ConsoleOutput))
#29 C:/Users/Windows/.gemini/antigravity-ide/scratch/smpit-almutaqin-presensi/artisan(16): Illuminate/Foundation/Application->handleCommand(Object(Symfony/Component/Console/Input/ArgvInput))
#30 {main}
"} 
[2026-08-07 06:10:34] local.ERROR: SQLSTATE[HY000] [2002] No connection could be made because the target machine actively refused it (Connection: mysql, Host: 127.0.0.1, Port: 3306, Database: smpit_almutaqin, SQL: select * from `cache` where `key` in (laravel-cache-illuminate:queue:restart)) {"exception":"[object] (Illuminate\\Database\\QueryException(code: 2002): SQLSTATE[HY000] [2002] No connection could be made because the target machine actively refused it (Connection: mysql, Host: 127.0.0.1, Port: 3306, Database: smpit_almutaqin, SQL: select * from `cache` where `key` in (laravel-cache-illuminate:queue:restart)) at C:/Users/Windows/.gemini/antigravity-ide/scratch/smpit-almutaqin-presensi/vendor/laravel/framework/src/Illuminate/Database/Connection.php:857)
[stacktrace]
#0 C:/Users/Windows/.gemini/antigravity-ide/scratch/smpit-almutaqin-presensi/vendor/laravel/framework/src/Illuminate/Database/Connection.php(1037): Illuminate/Database/Connection->runQueryCallback('select * from `...', Array, Object(Closure))
#1 C:/Users/Windows/.gemini/antigravity-ide/scratch/smpit-almutaqin-presensi/vendor/laravel/framework/src/Illuminate/Database/Connection.php(1016): Illuminate/Database/Connection->tryAgainIfCausedByLostConnection(Object(Illuminate/Database/QueryException), 'select * from `...', Array, Object(Closure))
#2 C:/Users/Windows/.gemini/antigravity-ide/scratch/smpit-almutaqin-presensi/vendor/laravel/framework/src/Illuminate/Database/Connection.php(815): Illuminate/Database/Connection->handleQueryException(Object(Illuminate/Database/QueryException), 'select * from `...', Array, Object(Closure))
#3 C:/Users/Windows/.gemini/antigravity-ide/scratch/smpit-almutaqin-presensi/vendor/laravel/framework/src/Illuminate/Database/Connection.php(426): Illuminate/Database/Connection->run('select * from `...', Array, Object(Closure))
#4 C:/Users/Windows/.gemini/antigravity-ide/scratch/smpit-almutaqin-presensi/vendor/laravel/framework/src/Illuminate/Database/Query/Builder.php(3574): Illuminate/Database/Connection->select('select * from `...', Array, true, Array)
#5 C:/Users/Windows/.gemini/antigravity-ide/scratch/smpit-almutaqin-presensi/vendor/laravel/framework/src/Illuminate/Database/Query/Builder.php(3558): Illuminate/Database/Query/Builder->runSelect()
#6 C:/Users/Windows/.gemini/antigravity-ide/scratch/smpit-almutaqin-presensi/vendor/laravel/framework/src/Illuminate/Cache/DatabaseStore.php(142): Illuminate/Database/Query/Builder->get()
#7 C:/Users/Windows/.gemini/antigravity-ide/scratch/smpit-almutaqin-presensi/vendor/laravel/framework/src/Illuminate/Cache/DatabaseStore.php(117): Illuminate/Cache/DatabaseStore->many(Array)
#8 C:/Users/Windows/.gemini/antigravity-ide/scratch/smpit-almutaqin-presensi/vendor/laravel/framework/src/Illuminate/Cache/Repository.php(138): Illuminate/Cache/DatabaseStore->get('illuminate:queu...')
#9 C:/Users/Windows/.gemini/antigravity-ide/scratch/smpit-almutaqin-presensi/vendor/laravel/framework/src/Illuminate/Queue/Worker.php(874): Illuminate/Cache/Repository->get('illuminate:queu...')
#10 C:/Users/Windows/.gemini/antigravity-ide/scratch/smpit-almutaqin-presensi/vendor/laravel/framework/src/Illuminate/Queue/Worker.php(214): Illuminate/Queue/Worker->getTimestampOfLastQueueRestart()
#11 C:/Users/Windows/.gemini/antigravity-ide/scratch/smpit-almutaqin-presensi/vendor/laravel/framework/src/Illuminate/Queue/Console/WorkCommand.php(149): Illuminate/Queue/Worker->daemon('database', 'default', Object(Illuminate/Queue/WorkerOptions))
#12 C:/Users/Windows/.gemini/antigravity-ide/scratch/smpit-almutaqin-presensi/vendor/laravel/framework/src/Illuminate/Queue/Console/WorkCommand.php(132): Illuminate/Queue/Console/WorkCommand->runWorker('database', 'default')
#13 C:/Users/Windows/.gemini/antigravity-ide/scratch/smpit-almutaqin-presensi/vendor/laravel/framework/src/Illuminate/Container/BoundMethod.php(36): Illuminate/Queue/Console/WorkCommand->handle()
#14 C:/Users/Windows/.gemini/antigravity-ide/scratch/smpit-almutaqin-presensi/vendor/laravel/framework/src/Illuminate/Container/Util.php(43): Illuminate/Container/BoundMethod::Illuminate/Container/{closure}()
#15 C:/Users/Windows/.gemini/antigravity-ide/scratch/smpit-almutaqin-presensi/vendor/laravel/framework/src/Illuminate/Container/BoundMethod.php(96): Illuminate/Container/Util::unwrapIfClosure(Object(Closure))
#16 C:/Users/Windows/.gemini/antigravity-ide/scratch/smpit-almutaqin-presensi/vendor/laravel/framework/src/Illuminate/Container/BoundMethod.php(35): Illuminate/Container/BoundMethod::callBoundMethod(Object(Illuminate/Foundation/Application), Array, Object(Closure))
#17 C:/Users/Windows/.gemini/antigravity-ide/scratch/smpit-almutaqin-presensi/vendor/laravel/framework/src/Illuminate/Container/Container.php(800): Illuminate/Container/BoundMethod::call(Object(Illuminate/Foundation/Application), Array, Array, NULL)
#18 C:/Users/Windows/.gemini/antigravity-ide/scratch/smpit-almutaqin-presensi/vendor/laravel/framework/src/Illuminate/Console/Command.php(280): Illuminate/Container/Container->call(Array)
#19 C:/Users/Windows/.gemini/antigravity-ide/scratch/smpit-almutaqin-presensi/vendor/symfony/console/Command/Command.php(341): Illuminate/Console/Command->execute(Object(Symfony/Component/Console/Input/ArgvInput), Object(Illuminate/Console/OutputStyle))
#20 C:/Users/Windows/.gemini/antigravity-ide/scratch/smpit-almutaqin-presensi/vendor/laravel/framework/src/Illuminate/Console/Command.php(249): Symfony/Component/Console/Command/Command->run(Object(Symfony/Component/Console/Input/ArgvInput), Object(Illuminate/Console/OutputStyle))
#21 C:/Users/Windows/.gemini/antigravity-ide/scratch/smpit-almutaqin-presensi/vendor/symfony/console/Application.php(1117): Illuminate/Console/Command->run(Object(Symfony/Component/Console/Input/ArgvInput), Object(Symfony/Component/Console/Output/ConsoleOutput))
#22 C:/Users/Windows/.gemini/antigravity-ide/scratch/smpit-almutaqin-presensi/vendor/symfony/console/Application.php(356): Symfony/Component/Console/Application->doRunCommand(Object(Illuminate/Queue/Console/WorkCommand), Object(Symfony/Component/Console/Input/ArgvInput), Object(Symfony/Component/Console/Output/ConsoleOutput))
#23 C:/Users/Windows/.gemini/antigravity-ide/scratch/smpit-almutaqin-presensi/vendor/symfony/console/Application.php(195): Symfony/Component/Console/Application->doRun(Object(Symfony/Component/Console/Input/ArgvInput), Object(Symfony/Component/Console/Output/ConsoleOutput))
#24 C:/Users/Windows/.gemini/antigravity-ide/scratch/smpit-almutaqin-presensi/vendor/laravel/framework/src/Illuminate/Foundation/Console/Kernel.php(198): Symfony/Component/Console/Application->run(Object(Symfony/Component/Console/Input/ArgvInput), Object(Symfony/Component/Console/Output/ConsoleOutput))
#25 C:/Users/Windows/.gemini/antigravity-ide/scratch/smpit-almutaqin-presensi/vendor/laravel/framework/src/Illuminate/Foundation/Application.php(1242): Illuminate/Foundation/Console/Kernel->handle(Object(Symfony/Component/Console/Input/ArgvInput), Object(Symfony/Component/Console/Output/ConsoleOutput))
#26 C:/Users/Windows/.gemini/antigravity-ide/scratch/smpit-almutaqin-presensi/artisan(16): Illuminate/Foundation/Application->handleCommand(Object(Symfony/Component/Console/Input/ArgvInput))
#27 {main}

[previous exception] [object] (PDOException(code: 2002): SQLSTATE[HY000] [2002] No connection could be made because the target machine actively refused it at C:/Users/Windows/.gemini/antigravity-ide/scratch/smpit-almutaqin-presensi/vendor/laravel/framework/src/Illuminate/Database/Connectors/Connector.php:66)
[stacktrace]
#0 C:/Users/Windows/.gemini/antigravity-ide/scratch/smpit-almutaqin-presensi/vendor/laravel/framework/src/Illuminate/Database/Connectors/Connector.php(66): PDO->__construct('mysql:host=127....', 'root', Object(SensitiveParameterValue), Array)
#1 C:/Users/Windows/.gemini/antigravity-ide/scratch/smpit-almutaqin-presensi/vendor/laravel/framework/src/Illuminate/Database/Connectors/Connector.php(85): Illuminate/Database/Connectors/Connector->createPdoConnection('mysql:host=127....', 'root', Object(SensitiveParameterValue), Array)
#2 C:/Users/Windows/.gemini/antigravity-ide/scratch/smpit-almutaqin-presensi/vendor/laravel/framework/src/Illuminate/Database/Connectors/Connector.php(48): Illuminate/Database/Connectors/Connector->tryAgainIfCausedByLostConnection(Object(PDOException), 'mysql:host=127....', 'root', Object(SensitiveParameterValue), Array)
#3 C:/Users/Windows/.gemini/antigravity-ide/scratch/smpit-almutaqin-presensi/vendor/laravel/framework/src/Illuminate/Database/Connectors/MySqlConnector.php(24): Illuminate/Database/Connectors/Connector->createConnection('mysql:host=127....', Array, Array)
#4 C:/Users/Windows/.gemini/antigravity-ide/scratch/smpit-almutaqin-presensi/vendor/laravel/framework/src/Illuminate/Database/Connectors/ConnectionFactory.php(220): Illuminate/Database/Connectors/MySqlConnector->connect(Array)
#5 [internal function]: Illuminate/Database/Connectors/ConnectionFactory->Illuminate/Database/Connectors/{closure}()
#6 C:/Users/Windows/.gemini/antigravity-ide/scratch/smpit-almutaqin-presensi/vendor/laravel/framework/src/Illuminate/Database/Connection.php(1297): call_user_func(Object(Closure))
#7 C:/Users/Windows/.gemini/antigravity-ide/scratch/smpit-almutaqin-presensi/vendor/laravel/framework/src/Illuminate/Database/Connection.php(1335): Illuminate/Database/Connection->getPdo()
#8 C:/Users/Windows/.gemini/antigravity-ide/scratch/smpit-almutaqin-presensi/vendor/laravel/framework/src/Illuminate/Database/Connection.php(542): Illuminate/Database/Connection->getReadPdo()
#9 C:/Users/Windows/.gemini/antigravity-ide/scratch/smpit-almutaqin-presensi/vendor/laravel/framework/src/Illuminate/Database/Connection.php(435): Illuminate/Database/Connection->getPdoForSelect(true)
#10 C:/Users/Windows/.gemini/antigravity-ide/scratch/smpit-almutaqin-presensi/vendor/laravel/framework/src/Illuminate/Database/Connection.php(846): Illuminate/Database/Connection->Illuminate/Database/{closure}('select * from `...', Array)
#11 C:/Users/Windows/.gemini/antigravity-ide/scratch/smpit-almutaqin-presensi/vendor/laravel/framework/src/Illuminate/Database/Connection.php(1037): Illuminate/Database/Connection->runQueryCallback('select * from `...', Array, Object(Closure))
#12 C:/Users/Windows/.gemini/antigravity-ide/scratch/smpit-almutaqin-presensi/vendor/laravel/framework/src/Illuminate/Database/Connection.php(1016): Illuminate/Database/Connection->tryAgainIfCausedByLostConnection(Object(Illuminate/Database/QueryException), 'select * from `...', Array, Object(Closure))
#13 C:/Users/Windows/.gemini/antigravity-ide/scratch/smpit-almutaqin-presensi/vendor/laravel/framework/src/Illuminate/Database/Connection.php(815): Illuminate/Database/Connection->handleQueryException(Object(Illuminate/Database/QueryException), 'select * from `...', Array, Object(Closure))
#14 C:/Users/Windows/.gemini/antigravity-ide/scratch/smpit-almutaqin-presensi/vendor/laravel/framework/src/Illuminate/Database/Connection.php(426): Illuminate/Database/Connection->run('select * from `...', Array, Object(Closure))
#15 C:/Users/Windows/.gemini/antigravity-ide/scratch/smpit-almutaqin-presensi/vendor/laravel/framework/src/Illuminate/Database/Query/Builder.php(3574): Illuminate/Database/Connection->select('select * from `...', Array, true, Array)
#16 C:/Users/Windows/.gemini/antigravity-ide/scratch/smpit-almutaqin-presensi/vendor/laravel/framework/src/Illuminate/Database/Query/Builder.php(3558): Illuminate/Database/Query/Builder->runSelect()
#17 C:/Users/Windows/.gemini/antigravity-ide/scratch/smpit-almutaqin-presensi/vendor/laravel/framework/src/Illuminate/Cache/DatabaseStore.php(142): Illuminate/Database/Query/Builder->get()
#18 C:/Users/Windows/.gemini/antigravity-ide/scratch/smpit-almutaqin-presensi/vendor/laravel/framework/src/Illuminate/Cache/DatabaseStore.php(117): Illuminate/Cache/DatabaseStore->many(Array)
#19 C:/Users/Windows/.gemini/antigravity-ide/scratch/smpit-almutaqin-presensi/vendor/laravel/framework/src/Illuminate/Cache/Repository.php(138): Illuminate/Cache/DatabaseStore->get('illuminate:queu...')
#20 C:/Users/Windows/.gemini/antigravity-ide/scratch/smpit-almutaqin-presensi/vendor/laravel/framework/src/Illuminate/Queue/Worker.php(874): Illuminate/Cache/Repository->get('illuminate:queu...')
#21 C:/Users/Windows/.gemini/antigravity-ide/scratch/smpit-almutaqin-presensi/vendor/laravel/framework/src/Illuminate/Queue/Worker.php(214): Illuminate/Queue/Worker->getTimestampOfLastQueueRestart()
#22 C:/Users/Windows/.gemini/antigravity-ide/scratch/smpit-almutaqin-presensi/vendor/laravel/framework/src/Illuminate/Queue/Console/WorkCommand.php(149): Illuminate/Queue/Worker->daemon('database', 'default', Object(Illuminate/Queue/WorkerOptions))
#23 C:/Users/Windows/.gemini/antigravity-ide/scratch/smpit-almutaqin-presensi/vendor/laravel/framework/src/Illuminate/Queue/Console/WorkCommand.php(132): Illuminate/Queue/Console/WorkCommand->runWorker('database', 'default')
#24 C:/Users/Windows/.gemini/antigravity-ide/scratch/smpit-almutaqin-presensi/vendor/laravel/framework/src/Illuminate/Container/BoundMethod.php(36): Illuminate/Queue/Console/WorkCommand->handle()
#25 C:/Users/Windows/.gemini/antigravity-ide/scratch/smpit-almutaqin-presensi/vendor/laravel/framework/src/Illuminate/Container/Util.php(43): Illuminate/Container/BoundMethod::Illuminate/Container/{closure}()
#26 C:/Users/Windows/.gemini/antigravity-ide/scratch/smpit-almutaqin-presensi/vendor/laravel/framework/src/Illuminate/Container/BoundMethod.php(96): Illuminate/Container/Util::unwrapIfClosure(Object(Closure))
#27 C:/Users/Windows/.gemini/antigravity-ide/scratch/smpit-almutaqin-presensi/vendor/laravel/framework/src/Illuminate/Container/BoundMethod.php(35): Illuminate/Container/BoundMethod::callBoundMethod(Object(Illuminate/Foundation/Application), Array, Object(Closure))
#28 C:/Users/Windows/.gemini/antigravity-ide/scratch/smpit-almutaqin-presensi/vendor/laravel/framework/src/Illuminate/Container/Container.php(800): Illuminate/Container/BoundMethod::call(Object(Illuminate/Foundation/Application), Array, Array, NULL)
#29 C:/Users/Windows/.gemini/antigravity-ide/scratch/smpit-almutaqin-presensi/vendor/laravel/framework/src/Illuminate/Console/Command.php(280): Illuminate/Container/Container->call(Array)
#30 C:/Users/Windows/.gemini/antigravity-ide/scratch/smpit-almutaqin-presensi/vendor/symfony/console/Command/Command.php(341): Illuminate/Console/Command->execute(Object(Symfony/Component/Console/Input/ArgvInput), Object(Illuminate/Console/OutputStyle))
#31 C:/Users/Windows/.gemini/antigravity-ide/scratch/smpit-almutaqin-presensi/vendor/laravel/framework/src/Illuminate/Console/Command.php(249): Symfony/Component/Console/Command/Command->run(Object(Symfony/Component/Console/Input/ArgvInput), Object(Illuminate/Console/OutputStyle))
#32 C:/Users/Windows/.gemini/antigravity-ide/scratch/smpit-almutaqin-presensi/vendor/symfony/console/Application.php(1117): Illuminate/Console/Command->run(Object(Symfony/Component/Console/Input/ArgvInput), Object(Symfony/Component/Console/Output/ConsoleOutput))
#33 C:/Users/Windows/.gemini/antigravity-ide/scratch/smpit-almutaqin-presensi/vendor/symfony/console/Application.php(356): Symfony/Component/Console/Application->doRunCommand(Object(Illuminate/Queue/Console/WorkCommand), Object(Symfony/Component/Console/Input/ArgvInput), Object(Symfony/Component/Console/Output/ConsoleOutput))
#34 C:/Users/Windows/.gemini/antigravity-ide/scratch/smpit-almutaqin-presensi/vendor/symfony/console/Application.php(195): Symfony/Component/Console/Application->doRun(Object(Symfony/Component/Console/Input/ArgvInput), Object(Symfony/Component/Console/Output/ConsoleOutput))
#35 C:/Users/Windows/.gemini/antigravity-ide/scratch/smpit-almutaqin-presensi/vendor/laravel/framework/src/Illuminate/Foundation/Console/Kernel.php(198): Symfony/Component/Console/Application->run(Object(Symfony/Component/Console/Input/ArgvInput), Object(Symfony/Component/Console/Output/ConsoleOutput))
#36 C:/Users/Windows/.gemini/antigravity-ide/scratch/smpit-almutaqin-presensi/vendor/laravel/framework/src/Illuminate/Foundation/Application.php(1242): Illuminate/Foundation/Console/Kernel->handle(Object(Symfony/Component/Console/Input/ArgvInput), Object(Symfony/Component/Console/Output/ConsoleOutput))
#37 C:/Users/Windows/.gemini/antigravity-ide/scratch/smpit-almutaqin-presensi/artisan(16): Illuminate/Foundation/Application->handleCommand(Object(Symfony/Component/Console/Input/ArgvInput))
#38 {main}
"} 
[2026-08-07 06:11:55] local.ERROR: SQLSTATE[HY000] [2002] No connection could be made because the target machine actively refused it (Connection: mysql, Host: 127.0.0.1, Port: 3306, Database: smpit_almutaqin, SQL: select * from `sessions` where `id` = 1jKV2AQiPAHVtHC9H3449xwItQ0fH6pYmZX9lzKM limit 1) {"exception":"[object] (Illuminate\\Database\\QueryException(code: 2002): SQLSTATE[HY000] [2002] No connection could be made because the target machine actively refused it (Connection: mysql, Host: 127.0.0.1, Port: 3306, Database: smpit_almutaqin, SQL: select * from `sessions` where `id` = 1jKV2AQiPAHVtHC9H3449xwItQ0fH6pYmZX9lzKM limit 1) at C:/Users/Windows/.gemini/antigravity-ide/scratch/smpit-almutaqin-presensi/vendor/laravel/framework/src/Illuminate/Database/Connection.php:857)
[stacktrace]
#0 C:/Users/Windows/.gemini/antigravity-ide/scratch/smpit-almutaqin-presensi/vendor/laravel/framework/src/Illuminate/Database/Connection.php(1037): Illuminate/Database/Connection->runQueryCallback('select * from `...', Array, Object(Closure))
#1 C:/Users/Windows/.gemini/antigravity-ide/scratch/smpit-almutaqin-presensi/vendor/laravel/framework/src/Illuminate/Database/Connection.php(1016): Illuminate/Database/Connection->tryAgainIfCausedByLostConnection(Object(Illuminate/Database/QueryException), 'select * from `...', Array, Object(Closure))
#2 C:/Users/Windows/.gemini/antigravity-ide/scratch/smpit-almutaqin-presensi/vendor/laravel/framework/src/Illuminate/Database/Connection.php(815): Illuminate/Database/Connection->handleQueryException(Object(Illuminate/Database/QueryException), 'select * from `...', Array, Object(Closure))
#3 C:/Users/Windows/.gemini/antigravity-ide/scratch/smpit-almutaqin-presensi/vendor/laravel/framework/src/Illuminate/Database/Connection.php(426): Illuminate/Database/Connection->run('select * from `...', Array, Object(Closure))
#4 C:/Users/Windows/.gemini/antigravity-ide/scratch/smpit-almutaqin-presensi/vendor/laravel/framework/src/Illuminate/Database/Query/Builder.php(3574): Illuminate/Database/Connection->select('select * from `...', Array, false, Array)
#5 C:/Users/Windows/.gemini/antigravity-ide/scratch/smpit-almutaqin-presensi/vendor/laravel/framework/src/Illuminate/Database/Query/Builder.php(3558): Illuminate/Database/Query/Builder->runSelect()
#6 C:/Users/Windows/.gemini/antigravity-ide/scratch/smpit-almutaqin-presensi/vendor/laravel/framework/src/Illuminate/Database/Concerns/BuildsQueries.php(366): Illuminate/Database/Query/Builder->get(Array)
#7 C:/Users/Windows/.gemini/antigravity-ide/scratch/smpit-almutaqin-presensi/vendor/laravel/framework/src/Illuminate/Database/Query/Builder.php(3476): Illuminate/Database/Query/Builder->first(Array)
#8 C:/Users/Windows/.gemini/antigravity-ide/scratch/smpit-almutaqin-presensi/vendor/laravel/framework/src/Illuminate/Session/DatabaseSessionHandler.php(96): Illuminate/Database/Query/Builder->find('1jKV2AQiPAHVtHC...')
#9 C:/Users/Windows/.gemini/antigravity-ide/scratch/smpit-almutaqin-presensi/vendor/laravel/framework/src/Illuminate/Session/Store.php(128): Illuminate/Session/DatabaseSessionHandler->read('1jKV2AQiPAHVtHC...')
#10 C:/Users/Windows/.gemini/antigravity-ide/scratch/smpit-almutaqin-presensi/vendor/laravel/framework/src/Illuminate/Session/Store.php(116): Illuminate/Session/Store->readFromHandler()
#11 C:/Users/Windows/.gemini/antigravity-ide/scratch/smpit-almutaqin-presensi/vendor/laravel/framework/src/Illuminate/Session/Store.php(100): Illuminate/Session/Store->loadSession()
#12 C:/Users/Windows/.gemini/antigravity-ide/scratch/smpit-almutaqin-presensi/vendor/laravel/framework/src/Illuminate/Session/Middleware/StartSession.php(146): Illuminate/Session/Store->start()
#13 C:/Users/Windows/.gemini/antigravity-ide/scratch/smpit-almutaqin-presensi/vendor/laravel/framework/src/Illuminate/Support/helpers.php(393): Illuminate/Session/Middleware/StartSession->Illuminate/Session/Middleware/{closure}(Object(Illuminate/Session/Store))
#14 C:/Users/Windows/.gemini/antigravity-ide/scratch/smpit-almutaqin-presensi/vendor/laravel/framework/src/Illuminate/Session/Middleware/StartSession.php(143): tap(Object(Illuminate/Session/Store), Object(Closure))
#15 C:/Users/Windows/.gemini/antigravity-ide/scratch/smpit-almutaqin-presensi/vendor/laravel/framework/src/Illuminate/Session/Middleware/StartSession.php(115): Illuminate/Session/Middleware/StartSession->startSession(Object(Illuminate/Http/Request), Object(Illuminate/Session/Store))
#16 C:/Users/Windows/.gemini/antigravity-ide/scratch/smpit-almutaqin-presensi/vendor/laravel/framework/src/Illuminate/Session/Middleware/StartSession.php(63): Illuminate/Session/Middleware/StartSession->handleStatefulRequest(Object(Illuminate/Http/Request), Object(Illuminate/Session/Store), Object(Closure))
#17 C:/Users/Windows/.gemini/antigravity-ide/scratch/smpit-almutaqin-presensi/vendor/laravel/framework/src/Illuminate/Pipeline/Pipeline.php(219): Illuminate/Session/Middleware/StartSession->handle(Object(Illuminate/Http/Request), Object(Closure))
#18 C:/Users/Windows/.gemini/antigravity-ide/scratch/smpit-almutaqin-presensi/vendor/laravel/framework/src/Illuminate/Cookie/Middleware/AddQueuedCookiesToResponse.php(36): Illuminate/Pipeline/Pipeline->Illuminate/Pipeline/{closure}(Object(Illuminate/Http/Request))
#19 C:/Users/Windows/.gemini/antigravity-ide/scratch/smpit-almutaqin-presensi/vendor/laravel/framework/src/Illuminate/Pipeline/Pipeline.php(219): Illuminate/Cookie/Middleware/AddQueuedCookiesToResponse->handle(Object(Illuminate/Http/Request), Object(Closure))
#20 C:/Users/Windows/.gemini/antigravity-ide/scratch/smpit-almutaqin-presensi/vendor/laravel/framework/src/Illuminate/Cookie/Middleware/EncryptCookies.php(74): Illuminate/Pipeline/Pipeline->Illuminate/Pipeline/{closure}(Object(Illuminate/Http/Request))
#21 C:/Users/Windows/.gemini/antigravity-ide/scratch/smpit-almutaqin-presensi/vendor/laravel/framework/src/Illuminate/Pipeline/Pipeline.php(219): Illuminate/Cookie/Middleware/EncryptCookies->handle(Object(Illuminate/Http/Request), Object(Closure))
#22 C:/Users/Windows/.gemini/antigravity-ide/scratch/smpit-almutaqin-presensi/vendor/laravel/framework/src/Illuminate/Pipeline/Pipeline.php(137): Illuminate/Pipeline/Pipeline->Illuminate/Pipeline/{closure}(Object(Illuminate/Http/Request))
#23 C:/Users/Windows/.gemini/antigravity-ide/scratch/smpit-almutaqin-presensi/vendor/laravel/framework/src/Illuminate/Routing/Router.php(821): Illuminate/Pipeline/Pipeline->then(Object(Closure))
#24 C:/Users/Windows/.gemini/antigravity-ide/scratch/smpit-almutaqin-presensi/vendor/laravel/framework/src/Illuminate/Routing/Router.php(800): Illuminate/Routing/Router->runRouteWithinStack(Object(Illuminate/Routing/Route), Object(Illuminate/Http/Request))
#25 C:/Users/Windows/.gemini/antigravity-ide/scratch/smpit-almutaqin-presensi/vendor/laravel/framework/src/Illuminate/Routing/Router.php(764): Illuminate/Routing/Router->runRoute(Object(Illuminate/Http/Request), Object(Illuminate/Routing/Route))
#26 C:/Users/Windows/.gemini/antigravity-ide/scratch/smpit-almutaqin-presensi/vendor/laravel/framework/src/Illuminate/Routing/Router.php(753): Illuminate/Routing/Router->dispatchToRoute(Object(Illuminate/Http/Request))
#27 C:/Users/Windows/.gemini/antigravity-ide/scratch/smpit-almutaqin-presensi/vendor/laravel/framework/src/Illuminate/Foundation/Http/Kernel.php(200): Illuminate/Routing/Router->dispatch(Object(Illuminate/Http/Request))
#28 C:/Users/Windows/.gemini/antigravity-ide/scratch/smpit-almutaqin-presensi/vendor/laravel/framework/src/Illuminate/Pipeline/Pipeline.php(180): Illuminate/Foundation/Http/Kernel->Illuminate/Foundation/Http/{closure}(Object(Illuminate/Http/Request))
#29 C:/Users/Windows/.gemini/antigravity-ide/scratch/smpit-almutaqin-presensi/vendor/laravel/framework/src/Illuminate/Foundation/Http/Middleware/TransformsRequest.php(21): Illuminate/Pipeline/Pipeline->Illuminate/Pipeline/{closure}(Object(Illuminate/Http/Request))
#30 C:/Users/Windows/.gemini/antigravity-ide/scratch/smpit-almutaqin-presensi/vendor/laravel/framework/src/Illuminate/Foundation/Http/Middleware/ConvertEmptyStringsToNull.php(31): Illuminate/Foundation/Http/Middleware/TransformsRequest->handle(Object(Illuminate/Http/Request), Object(Closure))
#31 C:/Users/Windows/.gemini/antigravity-ide/scratch/smpit-almutaqin-presensi/vendor/laravel/framework/src/Illuminate/Pipeline/Pipeline.php(219): Illuminate/Foundation/Http/Middleware/ConvertEmptyStringsToNull->handle(Object(Illuminate/Http/Request), Object(Closure))
#32 C:/Users/Windows/.gemini/antigravity-ide/scratch/smpit-almutaqin-presensi/vendor/laravel/framework/src/Illuminate/Foundation/Http/Middleware/TransformsRequest.php(21): Illuminate/Pipeline/Pipeline->Illuminate/Pipeline/{closure}(Object(Illuminate/Http/Request))
#33 C:/Users/Windows/.gemini/antigravity-ide/scratch/smpit-almutaqin-presensi/vendor/laravel/framework/src/Illuminate/Foundation/Http/Middleware/TrimStrings.php(51): Illuminate/Foundation/Http/Middleware/TransformsRequest->handle(Object(Illuminate/Http/Request), Object(Closure))
#34 C:/Users/Windows/.gemini/antigravity-ide/scratch/smpit-almutaqin-presensi/vendor/laravel/framework/src/Illuminate/Pipeline/Pipeline.php(219): Illuminate/Foundation/Http/Middleware/TrimStrings->handle(Object(Illuminate/Http/Request), Object(Closure))
#35 C:/Users/Windows/.gemini/antigravity-ide/scratch/smpit-almutaqin-presensi/vendor/laravel/framework/src/Illuminate/Http/Middleware/ValidatePostSize.php(27): Illuminate/Pipeline/Pipeline->Illuminate/Pipeline/{closure}(Object(Illuminate/Http/Request))
#36 C:/Users/Windows/.gemini/antigravity-ide/scratch/smpit-almutaqin-presensi/vendor/laravel/framework/src/Illuminate/Pipeline/Pipeline.php(219): Illuminate/Http/Middleware/ValidatePostSize->handle(Object(Illuminate/Http/Request), Object(Closure))
#37 C:/Users/Windows/.gemini/antigravity-ide/scratch/smpit-almutaqin-presensi/vendor/laravel/framework/src/Illuminate/Foundation/Http/Middleware/PreventRequestsDuringMaintenance.php(109): Illuminate/Pipeline/Pipeline->Illuminate/Pipeline/{closure}(Object(Illuminate/Http/Request))
#38 C:/Users/Windows/.gemini/antigravity-ide/scratch/smpit-almutaqin-presensi/vendor/laravel/framework/src/Illuminate/Pipeline/Pipeline.php(219): Illuminate/Foundation/Http/Middleware/PreventRequestsDuringMaintenance->handle(Object(Illuminate/Http/Request), Object(Closure))
#39 C:/Users/Windows/.gemini/antigravity-ide/scratch/smpit-almutaqin-presensi/vendor/laravel/framework/src/Illuminate/Http/Middleware/HandleCors.php(61): Illuminate/Pipeline/Pipeline->Illuminate/Pipeline/{closure}(Object(Illuminate/Http/Request))
#40 C:/Users/Windows/.gemini/antigravity-ide/scratch/smpit-almutaqin-presensi/vendor/laravel/framework/src/Illuminate/Pipeline/Pipeline.php(219): Illuminate/Http/Middleware/HandleCors->handle(Object(Illuminate/Http/Request), Object(Closure))
#41 C:/Users/Windows/.gemini/antigravity-ide/scratch/smpit-almutaqin-presensi/vendor/laravel/framework/src/Illuminate/Http/Middleware/TrustProxies.php(58): Illuminate/Pipeline/Pipeline->Illuminate/Pipeline/{closure}(Object(Illuminate/Http/Request))
#42 C:/Users/Windows/.gemini/antigravity-ide/scratch/smpit-almutaqin-presensi/vendor/laravel/framework/src/Illuminate/Pipeline/Pipeline.php(219): Illuminate/Http/Middleware/TrustProxies->handle(Object(Illuminate/Http/Request), Object(Closure))
#43 C:/Users/Windows/.gemini/antigravity-ide/scratch/smpit-almutaqin-presensi/vendor/laravel/framework/src/Illuminate/Foundation/Http/Middleware/InvokeDeferredCallbacks.php(22): Illuminate/Pipeline/Pipeline->Illuminate/Pipeline/{closure}(Object(Illuminate/Http/Request))
#44 C:/Users/Windows/.gemini/antigravity-ide/scratch/smpit-almutaqin-presensi/vendor/laravel/framework/src/Illuminate/Pipeline/Pipeline.php(219): Illuminate/Foundation/Http/Middleware/InvokeDeferredCallbacks->handle(Object(Illuminate/Http/Request), Object(Closure))
#45 C:/Users/Windows/.gemini/antigravity-ide/scratch/smpit-almutaqin-presensi/vendor/laravel/framework/src/Illuminate/Http/Middleware/ValidatePathEncoding.php(28): Illuminate/Pipeline/Pipeline->Illuminate/Pipeline/{closure}(Object(Illuminate/Http/Request))
#46 C:/Users/Windows/.gemini/antigravity-ide/scratch/smpit-almutaqin-presensi/vendor/laravel/framework/src/Illuminate/Pipeline/Pipeline.php(219): Illuminate/Http/Middleware/ValidatePathEncoding->handle(Object(Illuminate/Http/Request), Object(Closure))
#47 C:/Users/Windows/.gemini/antigravity-ide/scratch/smpit-almutaqin-presensi/vendor/laravel/framework/src/Illuminate/Pipeline/Pipeline.php(137): Illuminate/Pipeline/Pipeline->Illuminate/Pipeline/{closure}(Object(Illuminate/Http/Request))
#48 C:/Users/Windows/.gemini/antigravity-ide/scratch/smpit-almutaqin-presensi/vendor/laravel/framework/src/Illuminate/Foundation/Http/Kernel.php(175): Illuminate/Pipeline/Pipeline->then(Object(Closure))
#49 C:/Users/Windows/.gemini/antigravity-ide/scratch/smpit-almutaqin-presensi/vendor/laravel/framework/src/Illuminate/Foundation/Http/Kernel.php(144): Illuminate/Foundation/Http/Kernel->sendRequestThroughRouter(Object(Illuminate/Http/Request))
#50 C:/Users/Windows/.gemini/antigravity-ide/scratch/smpit-almutaqin-presensi/vendor/laravel/framework/src/Illuminate/Foundation/Application.php(1227): Illuminate/Foundation/Http/Kernel->handle(Object(Illuminate/Http/Request))
#51 C:/Users/Windows/.gemini/antigravity-ide/scratch/smpit-almutaqin-presensi/public/index.php(20): Illuminate/Foundation/Application->handleRequest(Object(Illuminate/Http/Request))
#52 C:/Users/Windows/.gemini/antigravity-ide/scratch/smpit-almutaqin-presensi/vendor/laravel/framework/src/Illuminate/Foundation/resources/server.php(23): require_once('C://Users//Window...')
#53 {main}

[previous exception] [object] (PDOException(code: 2002): SQLSTATE[HY000] [2002] No connection could be made because the target machine actively refused it at C:/Users/Windows/.gemini/antigravity-ide/scratch/smpit-almutaqin-presensi/vendor/laravel/framework/src/Illuminate/Database/Connectors/Connector.php:66)
[stacktrace]
#0 C:/Users/Windows/.gemini/antigravity-ide/scratch/smpit-almutaqin-presensi/vendor/laravel/framework/src/Illuminate/Database/Connectors/Connector.php(66): PDO->__construct('mysql:host=127....', 'root', Object(SensitiveParameterValue), Array)
#1 C:/Users/Windows/.gemini/antigravity-ide/scratch/smpit-almutaqin-presensi/vendor/laravel/framework/src/Illuminate/Database/Connectors/Connector.php(85): Illuminate/Database/Connectors/Connector->createPdoConnection('mysql:host=127....', 'root', Object(SensitiveParameterValue), Array)
#2 C:/Users/Windows/.gemini/antigravity-ide/scratch/smpit-almutaqin-presensi/vendor/laravel/framework/src/Illuminate/Database/Connectors/Connector.php(48): Illuminate/Database/Connectors/Connector->tryAgainIfCausedByLostConnection(Object(PDOException), 'mysql:host=127....', 'root', Object(SensitiveParameterValue), Array)
#3 C:/Users/Windows/.gemini/antigravity-ide/scratch/smpit-almutaqin-presensi/vendor/laravel/framework/src/Illuminate/Database/Connectors/MySqlConnector.php(24): Illuminate/Database/Connectors/Connector->createConnection('mysql:host=127....', Array, Array)
#4 C:/Users/Windows/.gemini/antigravity-ide/scratch/smpit-almutaqin-presensi/vendor/laravel/framework/src/Illuminate/Database/Connectors/ConnectionFactory.php(220): Illuminate/Database/Connectors/MySqlConnector->connect(Array)
#5 [internal function]: Illuminate/Database/Connectors/ConnectionFactory->Illuminate/Database/Connectors/{closure}()
#6 C:/Users/Windows/.gemini/antigravity-ide/scratch/smpit-almutaqin-presensi/vendor/laravel/framework/src/Illuminate/Database/Connection.php(1297): call_user_func(Object(Closure))
#7 C:/Users/Windows/.gemini/antigravity-ide/scratch/smpit-almutaqin-presensi/vendor/laravel/framework/src/Illuminate/Database/Connection.php(542): Illuminate/Database/Connection->getPdo()
#8 C:/Users/Windows/.gemini/antigravity-ide/scratch/smpit-almutaqin-presensi/vendor/laravel/framework/src/Illuminate/Database/Connection.php(435): Illuminate/Database/Connection->getPdoForSelect(false)
#9 C:/Users/Windows/.gemini/antigravity-ide/scratch/smpit-almutaqin-presensi/vendor/laravel/framework/src/Illuminate/Database/Connection.php(846): Illuminate/Database/Connection->Illuminate/Database/{closure}('select * from `...', Array)
#10 C:/Users/Windows/.gemini/antigravity-ide/scratch/smpit-almutaqin-presensi/vendor/laravel/framework/src/Illuminate/Database/Connection.php(1037): Illuminate/Database/Connection->runQueryCallback('select * from `...', Array, Object(Closure))
#11 C:/Users/Windows/.gemini/antigravity-ide/scratch/smpit-almutaqin-presensi/vendor/laravel/framework/src/Illuminate/Database/Connection.php(1016): Illuminate/Database/Connection->tryAgainIfCausedByLostConnection(Object(Illuminate/Database/QueryException), 'select * from `...', Array, Object(Closure))
#12 C:/Users/Windows/.gemini/antigravity-ide/scratch/smpit-almutaqin-presensi/vendor/laravel/framework/src/Illuminate/Database/Connection.php(815): Illuminate/Database/Connection->handleQueryException(Object(Illuminate/Database/QueryException), 'select * from `...', Array, Object(Closure))
#13 C:/Users/Windows/.gemini/antigravity-ide/scratch/smpit-almutaqin-presensi/vendor/laravel/framework/src/Illuminate/Database/Connection.php(426): Illuminate/Database/Connection->run('select * from `...', Array, Object(Closure))
#14 C:/Users/Windows/.gemini/antigravity-ide/scratch/smpit-almutaqin-presensi/vendor/laravel/framework/src/Illuminate/Database/Query/Builder.php(3574): Illuminate/Database/Connection->select('select * from `...', Array, false, Array)
#15 C:/Users/Windows/.gemini/antigravity-ide/scratch/smpit-almutaqin-presensi/vendor/laravel/framework/src/Illuminate/Database/Query/Builder.php(3558): Illuminate/Database/Query/Builder->runSelect()
#16 C:/Users/Windows/.gemini/antigravity-ide/scratch/smpit-almutaqin-presensi/vendor/laravel/framework/src/Illuminate/Database/Concerns/BuildsQueries.php(366): Illuminate/Database/Query/Builder->get(Array)
#17 C:/Users/Windows/.gemini/antigravity-ide/scratch/smpit-almutaqin-presensi/vendor/laravel/framework/src/Illuminate/Database/Query/Builder.php(3476): Illuminate/Database/Query/Builder->first(Array)
#18 C:/Users/Windows/.gemini/antigravity-ide/scratch/smpit-almutaqin-presensi/vendor/laravel/framework/src/Illuminate/Session/DatabaseSessionHandler.php(96): Illuminate/Database/Query/Builder->find('1jKV2AQiPAHVtHC...')
#19 C:/Users/Windows/.gemini/antigravity-ide/scratch/smpit-almutaqin-presensi/vendor/laravel/framework/src/Illuminate/Session/Store.php(128): Illuminate/Session/DatabaseSessionHandler->read('1jKV2AQiPAHVtHC...')
#20 C:/Users/Windows/.gemini/antigravity-ide/scratch/smpit-almutaqin-presensi/vendor/laravel/framework/src/Illuminate/Session/Store.php(116): Illuminate/Session/Store->readFromHandler()
#21 C:/Users/Windows/.gemini/antigravity-ide/scratch/smpit-almutaqin-presensi/vendor/laravel/framework/src/Illuminate/Session/Store.php(100): Illuminate/Session/Store->loadSession()
#22 C:/Users/Windows/.gemini/antigravity-ide/scratch/smpit-almutaqin-presensi/vendor/laravel/framework/src/Illuminate/Session/Middleware/StartSession.php(146): Illuminate/Session/Store->start()
#23 C:/Users/Windows/.gemini/antigravity-ide/scratch/smpit-almutaqin-presensi/vendor/laravel/framework/src/Illuminate/Support/helpers.php(393): Illuminate/Session/Middleware/StartSession->Illuminate/Session/Middleware/{closure}(Object(Illuminate/Session/Store))
#24 C:/Users/Windows/.gemini/antigravity-ide/scratch/smpit-almutaqin-presensi/vendor/laravel/framework/src/Illuminate/Session/Middleware/StartSession.php(143): tap(Object(Illuminate/Session/Store), Object(Closure))
#25 C:/Users/Windows/.gemini/antigravity-ide/scratch/smpit-almutaqin-presensi/vendor/laravel/framework/src/Illuminate/Session/Middleware/StartSession.php(115): Illuminate/Session/Middleware/StartSession->startSession(Object(Illuminate/Http/Request), Object(Illuminate/Session/Store))
#26 C:/Users/Windows/.gemini/antigravity-ide/scratch/smpit-almutaqin-presensi/vendor/laravel/framework/src/Illuminate/Session/Middleware/StartSession.php(63): Illuminate/Session/Middleware/StartSession->handleStatefulRequest(Object(Illuminate/Http/Request), Object(Illuminate/Session/Store), Object(Closure))
#27 C:/Users/Windows/.gemini/antigravity-ide/scratch/smpit-almutaqin-presensi/vendor/laravel/framework/src/Illuminate/Pipeline/Pipeline.php(219): Illuminate/Session/Middleware/StartSession->handle(Object(Illuminate/Http/Request), Object(Closure))
#28 C:/Users/Windows/.gemini/antigravity-ide/scratch/smpit-almutaqin-presensi/vendor/laravel/framework/src/Illuminate/Cookie/Middleware/AddQueuedCookiesToResponse.php(36): Illuminate/Pipeline/Pipeline->Illuminate/Pipeline/{closure}(Object(Illuminate/Http/Request))
#29 C:/Users/Windows/.gemini/antigravity-ide/scratch/smpit-almutaqin-presensi/vendor/laravel/framework/src/Illuminate/Pipeline/Pipeline.php(219): Illuminate/Cookie/Middleware/AddQueuedCookiesToResponse->handle(Object(Illuminate/Http/Request), Object(Closure))
#30 C:/Users/Windows/.gemini/antigravity-ide/scratch/smpit-almutaqin-presensi/vendor/laravel/framework/src/Illuminate/Cookie/Middleware/EncryptCookies.php(74): Illuminate/Pipeline/Pipeline->Illuminate/Pipeline/{closure}(Object(Illuminate/Http/Request))
#31 C:/Users/Windows/.gemini/antigravity-ide/scratch/smpit-almutaqin-presensi/vendor/laravel/framework/src/Illuminate/Pipeline/Pipeline.php(219): Illuminate/Cookie/Middleware/EncryptCookies->handle(Object(Illuminate/Http/Request), Object(Closure))
#32 C:/Users/Windows/.gemini/antigravity-ide/scratch/smpit-almutaqin-presensi/vendor/laravel/framework/src/Illuminate/Pipeline/Pipeline.php(137): Illuminate/Pipeline/Pipeline->Illuminate/Pipeline/{closure}(Object(Illuminate/Http/Request))
#33 C:/Users/Windows/.gemini/antigravity-ide/scratch/smpit-almutaqin-presensi/vendor/laravel/framework/src/Illuminate/Routing/Router.php(821): Illuminate/Pipeline/Pipeline->then(Object(Closure))
#34 C:/Users/Windows/.gemini/antigravity-ide/scratch/smpit-almutaqin-presensi/vendor/laravel/framework/src/Illuminate/Routing/Router.php(800): Illuminate/Routing/Router->runRouteWithinStack(Object(Illuminate/Routing/Route), Object(Illuminate/Http/Request))
#35 C:/Users/Windows/.gemini/antigravity-ide/scratch/smpit-almutaqin-presensi/vendor/laravel/framework/src/Illuminate/Routing/Router.php(764): Illuminate/Routing/Router->runRoute(Object(Illuminate/Http/Request), Object(Illuminate/Routing/Route))
#36 C:/Users/Windows/.gemini/antigravity-ide/scratch/smpit-almutaqin-presensi/vendor/laravel/framework/src/Illuminate/Routing/Router.php(753): Illuminate/Routing/Router->dispatchToRoute(Object(Illuminate/Http/Request))
#37 C:/Users/Windows/.gemini/antigravity-ide/scratch/smpit-almutaqin-presensi/vendor/laravel/framework/src/Illuminate/Foundation/Http/Kernel.php(200): Illuminate/Routing/Router->dispatch(Object(Illuminate/Http/Request))
#38 C:/Users/Windows/.gemini/antigravity-ide/scratch/smpit-almutaqin-presensi/vendor/laravel/framework/src/Illuminate/Pipeline/Pipeline.php(180): Illuminate/Foundation/Http/Kernel->Illuminate/Foundation/Http/{closure}(Object(Illuminate/Http/Request))
#39 C:/Users/Windows/.gemini/antigravity-ide/scratch/smpit-almutaqin-presensi/vendor/laravel/framework/src/Illuminate/Foundation/Http/Middleware/TransformsRequest.php(21): Illuminate/Pipeline/Pipeline->Illuminate/Pipeline/{closure}(Object(Illuminate/Http/Request))
#40 C:/Users/Windows/.gemini/antigravity-ide/scratch/smpit-almutaqin-presensi/vendor/laravel/framework/src/Illuminate/Foundation/Http/Middleware/ConvertEmptyStringsToNull.php(31): Illuminate/Foundation/Http/Middleware/TransformsRequest->handle(Object(Illuminate/Http/Request), Object(Closure))
#41 C:/Users/Windows/.gemini/antigravity-ide/scratch/smpit-almutaqin-presensi/vendor/laravel/framework/src/Illuminate/Pipeline/Pipeline.php(219): Illuminate/Foundation/Http/Middleware/ConvertEmptyStringsToNull->handle(Object(Illuminate/Http/Request), Object(Closure))
#42 C:/Users/Windows/.gemini/antigravity-ide/scratch/smpit-almutaqin-presensi/vendor/laravel/framework/src/Illuminate/Foundation/Http/Middleware/TransformsRequest.php(21): Illuminate/Pipeline/Pipeline->Illuminate/Pipeline/{closure}(Object(Illuminate/Http/Request))
#43 C:/Users/Windows/.gemini/antigravity-ide/scratch/smpit-almutaqin-presensi/vendor/laravel/framework/src/Illuminate/Foundation/Http/Middleware/TrimStrings.php(51): Illuminate/Foundation/Http/Middleware/TransformsRequest->handle(Object(Illuminate/Http/Request), Object(Closure))
#44 C:/Users/Windows/.gemini/antigravity-ide/scratch/smpit-almutaqin-presensi/vendor/laravel/framework/src/Illuminate/Pipeline/Pipeline.php(219): Illuminate/Foundation/Http/Middleware/TrimStrings->handle(Object(Illuminate/Http/Request), Object(Closure))
#45 C:/Users/Windows/.gemini/antigravity-ide/scratch/smpit-almutaqin-presensi/vendor/laravel/framework/src/Illuminate/Http/Middleware/ValidatePostSize.php(27): Illuminate/Pipeline/Pipeline->Illuminate/Pipeline/{closure}(Object(Illuminate/Http/Request))
#46 C:/Users/Windows/.gemini/antigravity-ide/scratch/smpit-almutaqin-presensi/vendor/laravel/framework/src/Illuminate/Pipeline/Pipeline.php(219): Illuminate/Http/Middleware/ValidatePostSize->handle(Object(Illuminate/Http/Request), Object(Closure))
#47 C:/Users/Windows/.gemini/antigravity-ide/scratch/smpit-almutaqin-presensi/vendor/laravel/framework/src/Illuminate/Foundation/Http/Middleware/PreventRequestsDuringMaintenance.php(109): Illuminate/Pipeline/Pipeline->Illuminate/Pipeline/{closure}(Object(Illuminate/Http/Request))
#48 C:/Users/Windows/.gemini/antigravity-ide/scratch/smpit-almutaqin-presensi/vendor/laravel/framework/src/Illuminate/Pipeline/Pipeline.php(219): Illuminate/Foundation/Http/Middleware/PreventRequestsDuringMaintenance->handle(Object(Illuminate/Http/Request), Object(Closure))
#49 C:/Users/Windows/.gemini/antigravity-ide/scratch/smpit-almutaqin-presensi/vendor/laravel/framework/src/Illuminate/Http/Middleware/HandleCors.php(61): Illuminate/Pipeline/Pipeline->Illuminate/Pipeline/{closure}(Object(Illuminate/Http/Request))
#50 C:/Users/Windows/.gemini/antigravity-ide/scratch/smpit-almutaqin-presensi/vendor/laravel/framework/src/Illuminate/Pipeline/Pipeline.php(219): Illuminate/Http/Middleware/HandleCors->handle(Object(Illuminate/Http/Request), Object(Closure))
#51 C:/Users/Windows/.gemini/antigravity-ide/scratch/smpit-almutaqin-presensi/vendor/laravel/framework/src/Illuminate/Http/Middleware/TrustProxies.php(58): Illuminate/Pipeline/Pipeline->Illuminate/Pipeline/{closure}(Object(Illuminate/Http/Request))
#52 C:/Users/Windows/.gemini/antigravity-ide/scratch/smpit-almutaqin-presensi/vendor/laravel/framework/src/Illuminate/Pipeline/Pipeline.php(219): Illuminate/Http/Middleware/TrustProxies->handle(Object(Illuminate/Http/Request), Object(Closure))
#53 C:/Users/Windows/.gemini/antigravity-ide/scratch/smpit-almutaqin-presensi/vendor/laravel/framework/src/Illuminate/Foundation/Http/Middleware/InvokeDeferredCallbacks.php(22): Illuminate/Pipeline/Pipeline->Illuminate/Pipeline/{closure}(Object(Illuminate/Http/Request))
#54 C:/Users/Windows/.gemini/antigravity-ide/scratch/smpit-almutaqin-presensi/vendor/laravel/framework/src/Illuminate/Pipeline/Pipeline.php(219): Illuminate/Foundation/Http/Middleware/InvokeDeferredCallbacks->handle(Object(Illuminate/Http/Request), Object(Closure))
#55 C:/Users/Windows/.gemini/antigravity-ide/scratch/smpit-almutaqin-presensi/vendor/laravel/framework/src/Illuminate/Http/Middleware/ValidatePathEncoding.php(28): Illuminate/Pipeline/Pipeline->Illuminate/Pipeline/{closure}(Object(Illuminate/Http/Request))
#56 C:/Users/Windows/.gemini/antigravity-ide/scratch/smpit-almutaqin-presensi/vendor/laravel/framework/src/Illuminate/Pipeline/Pipeline.php(219): Illuminate/Http/Middleware/ValidatePathEncoding->handle(Object(Illuminate/Http/Request), Object(Closure))
#57 C:/Users/Windows/.gemini/antigravity-ide/scratch/smpit-almutaqin-presensi/vendor/laravel/framework/src/Illuminate/Pipeline/Pipeline.php(137): Illuminate/Pipeline/Pipeline->Illuminate/Pipeline/{closure}(Object(Illuminate/Http/Request))
#58 C:/Users/Windows/.gemini/antigravity-ide/scratch/smpit-almutaqin-presensi/vendor/laravel/framework/src/Illuminate/Foundation/Http/Kernel.php(175): Illuminate/Pipeline/Pipeline->then(Object(Closure))
#59 C:/Users/Windows/.gemini/antigravity-ide/scratch/smpit-almutaqin-presensi/vendor/laravel/framework/src/Illuminate/Foundation/Http/Kernel.php(144): Illuminate/Foundation/Http/Kernel->sendRequestThroughRouter(Object(Illuminate/Http/Request))
#60 C:/Users/Windows/.gemini/antigravity-ide/scratch/smpit-almutaqin-presensi/vendor/laravel/framework/src/Illuminate/Foundation/Application.php(1227): Illuminate/Foundation/Http/Kernel->handle(Object(Illuminate/Http/Request))
#61 C:/Users/Windows/.gemini/antigravity-ide/scratch/smpit-almutaqin-presensi/public/index.php(20): Illuminate/Foundation/Application->handleRequest(Object(Illuminate/Http/Request))
#62 C:/Users/Windows/.gemini/antigravity-ide/scratch/smpit-almutaqin-presensi/vendor/laravel/framework/src/Illuminate/Foundation/resources/server.php(23): require_once('C://Users//Window...')
#63 {main}
"} 
[2026-08-07 07:14:47] local.WARNING: Fonnte API: Token tidak dikonfigurasi atau setting non-aktif.  
[2026-08-07 08:05:44] local.WARNING: Fonnte API: Token tidak dikonfigurasi atau setting non-aktif.  
[2026-08-07 18:45:13] local.INFO: Fonnte WA Sent to 082317087527: {"detail":"success! message in queue","id":[171985073],"process":"pending","quota":{"085129916141":{"details":"deduced from total quota","quota":1000,"remaining":999,"used":1}},"requestid":635738758,"status":true,"target":["6282317087527"]}  
[2026-08-07 18:46:19] local.INFO: Fonnte WA Sent to 082119806424: {"detail":"success! message in queue","id":[171985487],"process":"pending","quota":{"085129916141":{"details":"deduced from total quota","quota":999,"remaining":998,"used":1}},"requestid":635740516,"status":true,"target":["6282119806424"]}  
[2026-08-07 19:52:22] local.ERROR: Undefined variable $mode (View: C:\Users\Windows\.gemini\antigravity-ide\scratch\smpit-almutaqin-presensi\resources\views\admin\rekap\cetak.blade.php) {"userId":2,"exception":"[object] (Illuminate\\View\\ViewException(code: 0): Undefined variable $mode (View: C:\\Users\\Windows\\.gemini\\antigravity-ide\\scratch\\smpit-almutaqin-presensi\\resources\\views\\admin\\rekap\\cetak.blade.php) at C:/Users/Windows/.gemini/antigravity-ide/scratch/smpit-almutaqin-presensi/storage/framework/views/e63b9b246bcbc0659a39eb0f950c9b95.php:55)
[stacktrace]
#0 C:/Users/Windows/.gemini/antigravity-ide/scratch/smpit-almutaqin-presensi/vendor/laravel/framework/src/Illuminate/View/Engines/PhpEngine.php(59): Illuminate/View/Engines/CompilerEngine->handleViewException(Object(ErrorException), 1)
#1 C:/Users/Windows/.gemini/antigravity-ide/scratch/smpit-almutaqin-presensi/vendor/laravel/framework/src/Illuminate/View/Engines/CompilerEngine.php(76): Illuminate/View/Engines/PhpEngine->evaluatePath('C://Users//Window...', Array)
#2 C:/Users/Windows/.gemini/antigravity-ide/scratch/smpit-almutaqin-presensi/vendor/laravel/framework/src/Illuminate/View/View.php(208): Illuminate/View/Engines/CompilerEngine->get('C://Users//Window...', Array)
#3 C:/Users/Windows/.gemini/antigravity-ide/scratch/smpit-almutaqin-presensi/vendor/laravel/framework/src/Illuminate/View/View.php(191): Illuminate/View/View->getContents()
#4 C:/Users/Windows/.gemini/antigravity-ide/scratch/smpit-almutaqin-presensi/vendor/laravel/framework/src/Illuminate/View/View.php(160): Illuminate/View/View->renderContents()
#5 C:/Users/Windows/.gemini/antigravity-ide/scratch/smpit-almutaqin-presensi/vendor/laravel/framework/src/Illuminate/Http/Response.php(82): Illuminate/View/View->render()
#6 C:/Users/Windows/.gemini/antigravity-ide/scratch/smpit-almutaqin-presensi/vendor/laravel/framework/src/Illuminate/Http/Response.php(40): Illuminate/Http/Response->setContent(Object(Illuminate/View/View))
#7 C:/Users/Windows/.gemini/antigravity-ide/scratch/smpit-almutaqin-presensi/vendor/laravel/framework/src/Illuminate/Routing/Router.php(939): Illuminate/Http/Response->__construct(Object(Illuminate/View/View), 200, Array)
#8 C:/Users/Windows/.gemini/antigravity-ide/scratch/smpit-almutaqin-presensi/vendor/laravel/framework/src/Illuminate/Routing/Router.php(906): Illuminate/Routing/Router::toResponse(Object(Illuminate/Http/Request), Object(Illuminate/View/View))
#9 C:/Users/Windows/.gemini/antigravity-ide/scratch/smpit-almutaqin-presensi/vendor/laravel/framework/src/Illuminate/Routing/Router.php(821): Illuminate/Routing/Router->prepareResponse(Object(Illuminate/Http/Request), Object(Illuminate/View/View))
#10 C:/Users/Windows/.gemini/antigravity-ide/scratch/smpit-almutaqin-presensi/vendor/laravel/framework/src/Illuminate/Pipeline/Pipeline.php(180): Illuminate/Routing/Router->Illuminate/Routing/{closure}(Object(Illuminate/Http/Request))
#11 C:/Users/Windows/.gemini/antigravity-ide/scratch/smpit-almutaqin-presensi/app/Http/Middleware/RoleMiddleware.php(26): Illuminate/Pipeline/Pipeline->Illuminate/Pipeline/{closure}(Object(Illuminate/Http/Request))
#12 C:/Users/Windows/.gemini/antigravity-ide/scratch/smpit-almutaqin-presensi/vendor/laravel/framework/src/Illuminate/Pipeline/Pipeline.php(219): App/Http/Middleware/RoleMiddleware->handle(Object(Illuminate/Http/Request), Object(Closure), 'guru')
#13 C:/Users/Windows/.gemini/antigravity-ide/scratch/smpit-almutaqin-presensi/vendor/laravel/framework/src/Illuminate/Routing/Middleware/SubstituteBindings.php(52): Illuminate/Pipeline/Pipeline->Illuminate/Pipeline/{closure}(Object(Illuminate/Http/Request))
#14 C:/Users/Windows/.gemini/antigravity-ide/scratch/smpit-almutaqin-presensi/vendor/laravel/framework/src/Illuminate/Pipeline/Pipeline.php(219): Illuminate/Routing/Middleware/SubstituteBindings->handle(Object(Illuminate/Http/Request), Object(Closure))
#15 C:/Users/Windows/.gemini/antigravity-ide/scratch/smpit-almutaqin-presensi/vendor/laravel/framework/src/Illuminate/Auth/Middleware/Authenticate.php(63): Illuminate/Pipeline/Pipeline->Illuminate/Pipeline/{closure}(Object(Illuminate/Http/Request))
#16 C:/Users/Windows/.gemini/antigravity-ide/scratch/smpit-almutaqin-presensi/vendor/laravel/framework/src/Illuminate/Pipeline/Pipeline.php(219): Illuminate/Auth/Middleware/Authenticate->handle(Object(Illuminate/Http/Request), Object(Closure))
#17 C:/Users/Windows/.gemini/antigravity-ide/scratch/smpit-almutaqin-presensi/vendor/laravel/framework/src/Illuminate/Foundation/Http/Middleware/PreventRequestForgery.php(104): Illuminate/Pipeline/Pipeline->Illuminate/Pipeline/{closure}(Object(Illuminate/Http/Request))
#18 C:/Users/Windows/.gemini/antigravity-ide/scratch/smpit-almutaqin-presensi/vendor/laravel/framework/src/Illuminate/Pipeline/Pipeline.php(219): Illuminate/Foundation/Http/Middleware/PreventRequestForgery->handle(Object(Illuminate/Http/Request), Object(Closure))
#19 C:/Users/Windows/.gemini/antigravity-ide/scratch/smpit-almutaqin-presensi/vendor/laravel/framework/src/Illuminate/View/Middleware/ShareErrorsFromSession.php(48): Illuminate/Pipeline/Pipeline->Illuminate/Pipeline/{closure}(Object(Illuminate/Http/Request))
#20 C:/Users/Windows/.gemini/antigravity-ide/scratch/smpit-almutaqin-presensi/vendor/laravel/framework/src/Illuminate/Pipeline/Pipeline.php(219): Illuminate/View/Middleware/ShareErrorsFromSession->handle(Object(Illuminate/Http/Request), Object(Closure))
#21 C:/Users/Windows/.gemini/antigravity-ide/scratch/smpit-almutaqin-presensi/vendor/laravel/framework/src/Illuminate/Session/Middleware/StartSession.php(120): Illuminate/Pipeline/Pipeline->Illuminate/Pipeline/{closure}(Object(Illuminate/Http/Request))
#22 C:/Users/Windows/.gemini/antigravity-ide/scratch/smpit-almutaqin-presensi/vendor/laravel/framework/src/Illuminate/Session/Middleware/StartSession.php(63): Illuminate/Session/Middleware/StartSession->handleStatefulRequest(Object(Illuminate/Http/Request), Object(Illuminate/Session/Store), Object(Closure))
#23 C:/Users/Windows/.gemini/antigravity-ide/scratch/smpit-almutaqin-presensi/vendor/laravel/framework/src/Illuminate/Pipeline/Pipeline.php(219): Illuminate/Session/Middleware/StartSession->handle(Object(Illuminate/Http/Request), Object(Closure))
#24 C:/Users/Windows/.gemini/antigravity-ide/scratch/smpit-almutaqin-presensi/vendor/laravel/framework/src/Illuminate/Cookie/Middleware/AddQueuedCookiesToResponse.php(36): Illuminate/Pipeline/Pipeline->Illuminate/Pipeline/{closure}(Object(Illuminate/Http/Request))
#25 C:/Users/Windows/.gemini/antigravity-ide/scratch/smpit-almutaqin-presensi/vendor/laravel/framework/src/Illuminate/Pipeline/Pipeline.php(219): Illuminate/Cookie/Middleware/AddQueuedCookiesToResponse->handle(Object(Illuminate/Http/Request), Object(Closure))
#26 C:/Users/Windows/.gemini/antigravity-ide/scratch/smpit-almutaqin-presensi/vendor/laravel/framework/src/Illuminate/Cookie/Middleware/EncryptCookies.php(74): Illuminate/Pipeline/Pipeline->Illuminate/Pipeline/{closure}(Object(Illuminate/Http/Request))
#27 C:/Users/Windows/.gemini/antigravity-ide/scratch/smpit-almutaqin-presensi/vendor/laravel/framework/src/Illuminate/Pipeline/Pipeline.php(219): Illuminate/Cookie/Middleware/EncryptCookies->handle(Object(Illuminate/Http/Request), Object(Closure))
#28 C:/Users/Windows/.gemini/antigravity-ide/scratch/smpit-almutaqin-presensi/vendor/laravel/framework/src/Illuminate/Pipeline/Pipeline.php(137): Illuminate/Pipeline/Pipeline->Illuminate/Pipeline/{closure}(Object(Illuminate/Http/Request))
#29 C:/Users/Windows/.gemini/antigravity-ide/scratch/smpit-almutaqin-presensi/vendor/laravel/framework/src/Illuminate/Routing/Router.php(821): Illuminate/Pipeline/Pipeline->then(Object(Closure))
#30 C:/Users/Windows/.gemini/antigravity-ide/scratch/smpit-almutaqin-presensi/vendor/laravel/framework/src/Illuminate/Routing/Router.php(800): Illuminate/Routing/Router->runRouteWithinStack(Object(Illuminate/Routing/Route), Object(Illuminate/Http/Request))
#31 C:/Users/Windows/.gemini/antigravity-ide/scratch/smpit-almutaqin-presensi/vendor/laravel/framework/src/Illuminate/Routing/Router.php(764): Illuminate/Routing/Router->runRoute(Object(Illuminate/Http/Request), Object(Illuminate/Routing/Route))
#32 C:/Users/Windows/.gemini/antigravity-ide/scratch/smpit-almutaqin-presensi/vendor/laravel/framework/src/Illuminate/Routing/Router.php(753): Illuminate/Routing/Router->dispatchToRoute(Object(Illuminate/Http/Request))
#33 C:/Users/Windows/.gemini/antigravity-ide/scratch/smpit-almutaqin-presensi/vendor/laravel/framework/src/Illuminate/Foundation/Http/Kernel.php(200): Illuminate/Routing/Router->dispatch(Object(Illuminate/Http/Request))
#34 C:/Users/Windows/.gemini/antigravity-ide/scratch/smpit-almutaqin-presensi/vendor/laravel/framework/src/Illuminate/Pipeline/Pipeline.php(180): Illuminate/Foundation/Http/Kernel->Illuminate/Foundation/Http/{closure}(Object(Illuminate/Http/Request))
#35 C:/Users/Windows/.gemini/antigravity-ide/scratch/smpit-almutaqin-presensi/vendor/laravel/framework/src/Illuminate/Foundation/Http/Middleware/TransformsRequest.php(21): Illuminate/Pipeline/Pipeline->Illuminate/Pipeline/{closure}(Object(Illuminate/Http/Request))
#36 C:/Users/Windows/.gemini/antigravity-ide/scratch/smpit-almutaqin-presensi/vendor/laravel/framework/src/Illuminate/Foundation/Http/Middleware/ConvertEmptyStringsToNull.php(31): Illuminate/Foundation/Http/Middleware/TransformsRequest->handle(Object(Illuminate/Http/Request), Object(Closure))
#37 C:/Users/Windows/.gemini/antigravity-ide/scratch/smpit-almutaqin-presensi/vendor/laravel/framework/src/Illuminate/Pipeline/Pipeline.php(219): Illuminate/Foundation/Http/Middleware/ConvertEmptyStringsToNull->handle(Object(Illuminate/Http/Request), Object(Closure))
#38 C:/Users/Windows/.gemini/antigravity-ide/scratch/smpit-almutaqin-presensi/vendor/laravel/framework/src/Illuminate/Foundation/Http/Middleware/TransformsRequest.php(21): Illuminate/Pipeline/Pipeline->Illuminate/Pipeline/{closure}(Object(Illuminate/Http/Request))
#39 C:/Users/Windows/.gemini/antigravity-ide/scratch/smpit-almutaqin-presensi/vendor/laravel/framework/src/Illuminate/Foundation/Http/Middleware/TrimStrings.php(51): Illuminate/Foundation/Http/Middleware/TransformsRequest->handle(Object(Illuminate/Http/Request), Object(Closure))
#40 C:/Users/Windows/.gemini/antigravity-ide/scratch/smpit-almutaqin-presensi/vendor/laravel/framework/src/Illuminate/Pipeline/Pipeline.php(219): Illuminate/Foundation/Http/Middleware/TrimStrings->handle(Object(Illuminate/Http/Request), Object(Closure))
#41 C:/Users/Windows/.gemini/antigravity-ide/scratch/smpit-almutaqin-presensi/vendor/laravel/framework/src/Illuminate/Http/Middleware/ValidatePostSize.php(27): Illuminate/Pipeline/Pipeline->Illuminate/Pipeline/{closure}(Object(Illuminate/Http/Request))
#42 C:/Users/Windows/.gemini/antigravity-ide/scratch/smpit-almutaqin-presensi/vendor/laravel/framework/src/Illuminate/Pipeline/Pipeline.php(219): Illuminate/Http/Middleware/ValidatePostSize->handle(Object(Illuminate/Http/Request), Object(Closure))
#43 C:/Users/Windows/.gemini/antigravity-ide/scratch/smpit-almutaqin-presensi/vendor/laravel/framework/src/Illuminate/Foundation/Http/Middleware/PreventRequestsDuringMaintenance.php(109): Illuminate/Pipeline/Pipeline->Illuminate/Pipeline/{closure}(Object(Illuminate/Http/Request))
#44 C:/Users/Windows/.gemini/antigravity-ide/scratch/smpit-almutaqin-presensi/vendor/laravel/framework/src/Illuminate/Pipeline/Pipeline.php(219): Illuminate/Foundation/Http/Middleware/PreventRequestsDuringMaintenance->handle(Object(Illuminate/Http/Request), Object(Closure))
#45 C:/Users/Windows/.gemini/antigravity-ide/scratch/smpit-almutaqin-presensi/vendor/laravel/framework/src/Illuminate/Http/Middleware/HandleCors.php(61): Illuminate/Pipeline/Pipeline->Illuminate/Pipeline/{closure}(Object(Illuminate/Http/Request))
#46 C:/Users/Windows/.gemini/antigravity-ide/scratch/smpit-almutaqin-presensi/vendor/laravel/framework/src/Illuminate/Pipeline/Pipeline.php(219): Illuminate/Http/Middleware/HandleCors->handle(Object(Illuminate/Http/Request), Object(Closure))
#47 C:/Users/Windows/.gemini/antigravity-ide/scratch/smpit-almutaqin-presensi/vendor/laravel/framework/src/Illuminate/Http/Middleware/TrustProxies.php(58): Illuminate/Pipeline/Pipeline->Illuminate/Pipeline/{closure}(Object(Illuminate/Http/Request))
#48 C:/Users/Windows/.gemini/antigravity-ide/scratch/smpit-almutaqin-presensi/vendor/laravel/framework/src/Illuminate/Pipeline/Pipeline.php(219): Illuminate/Http/Middleware/TrustProxies->handle(Object(Illuminate/Http/Request), Object(Closure))
#49 C:/Users/Windows/.gemini/antigravity-ide/scratch/smpit-almutaqin-presensi/vendor/laravel/framework/src/Illuminate/Foundation/Http/Middleware/InvokeDeferredCallbacks.php(22): Illuminate/Pipeline/Pipeline->Illuminate/Pipeline/{closure}(Object(Illuminate/Http/Request))
#50 C:/Users/Windows/.gemini/antigravity-ide/scratch/smpit-almutaqin-presensi/vendor/laravel/framework/src/Illuminate/Pipeline/Pipeline.php(219): Illuminate/Foundation/Http/Middleware/InvokeDeferredCallbacks->handle(Object(Illuminate/Http/Request), Object(Closure))
#51 C:/Users/Windows/.gemini/antigravity-ide/scratch/smpit-almutaqin-presensi/vendor/laravel/framework/src/Illuminate/Http/Middleware/ValidatePathEncoding.php(28): Illuminate/Pipeline/Pipeline->Illuminate/Pipeline/{closure}(Object(Illuminate/Http/Request))
#52 C:/Users/Windows/.gemini/antigravity-ide/scratch/smpit-almutaqin-presensi/vendor/laravel/framework/src/Illuminate/Pipeline/Pipeline.php(219): Illuminate/Http/Middleware/ValidatePathEncoding->handle(Object(Illuminate/Http/Request), Object(Closure))
#53 C:/Users/Windows/.gemini/antigravity-ide/scratch/smpit-almutaqin-presensi/vendor/laravel/framework/src/Illuminate/Pipeline/Pipeline.php(137): Illuminate/Pipeline/Pipeline->Illuminate/Pipeline/{closure}(Object(Illuminate/Http/Request))
#54 C:/Users/Windows/.gemini/antigravity-ide/scratch/smpit-almutaqin-presensi/vendor/laravel/framework/src/Illuminate/Foundation/Http/Kernel.php(175): Illuminate/Pipeline/Pipeline->then(Object(Closure))
#55 C:/Users/Windows/.gemini/antigravity-ide/scratch/smpit-almutaqin-presensi/vendor/laravel/framework/src/Illuminate/Foundation/Http/Kernel.php(144): Illuminate/Foundation/Http/Kernel->sendRequestThroughRouter(Object(Illuminate/Http/Request))
#56 C:/Users/Windows/.gemini/antigravity-ide/scratch/smpit-almutaqin-presensi/vendor/laravel/framework/src/Illuminate/Foundation/Application.php(1227): Illuminate/Foundation/Http/Kernel->handle(Object(Illuminate/Http/Request))
#57 C:/Users/Windows/.gemini/antigravity-ide/scratch/smpit-almutaqin-presensi/public/index.php(20): Illuminate/Foundation/Application->handleRequest(Object(Illuminate/Http/Request))
#58 C:/Users/Windows/.gemini/antigravity-ide/scratch/smpit-almutaqin-presensi/vendor/laravel/framework/src/Illuminate/Foundation/resources/server.php(23): require_once('C://Users//Window...')
#59 {main}

[previous exception] [object] (ErrorException(code: 0): Undefined variable $mode at C:/Users/Windows/.gemini/antigravity-ide/scratch/smpit-almutaqin-presensi/storage/framework/views/e63b9b246bcbc0659a39eb0f950c9b95.php:55)
[stacktrace]
#0 C:/Users/Windows/.gemini/antigravity-ide/scratch/smpit-almutaqin-presensi/vendor/laravel/framework/src/Illuminate/Foundation/Bootstrap/HandleExceptions.php(263): Illuminate/Foundation/Bootstrap/HandleExceptions->handleError(2, 'Undefined varia...', 'C://Users//Window...', 55)
#1 C:/Users/Windows/.gemini/antigravity-ide/scratch/smpit-almutaqin-presensi/storage/framework/views/e63b9b246bcbc0659a39eb0f950c9b95.php(55): Illuminate/Foundation/Bootstrap/HandleExceptions->Illuminate/Foundation/Bootstrap/{closure}(2, 'Undefined varia...', 'C://Users//Window...', 55)
#2 C:/Users/Windows/.gemini/antigravity-ide/scratch/smpit-almutaqin-presensi/vendor/laravel/framework/src/Illuminate/Filesystem/Filesystem.php(123): require('C://Users//Window...')
#3 C:/Users/Windows/.gemini/antigravity-ide/scratch/smpit-almutaqin-presensi/vendor/laravel/framework/src/Illuminate/Filesystem/Filesystem.php(124): Illuminate/Filesystem/Filesystem::Illuminate/Filesystem/{closure}()
#4 C:/Users/Windows/.gemini/antigravity-ide/scratch/smpit-almutaqin-presensi/vendor/laravel/framework/src/Illuminate/View/Engines/PhpEngine.php(57): Illuminate/Filesystem/Filesystem->getRequire('C://Users//Window...', Array)
#5 C:/Users/Windows/.gemini/antigravity-ide/scratch/smpit-almutaqin-presensi/vendor/laravel/framework/src/Illuminate/View/Engines/CompilerEngine.php(76): Illuminate/View/Engines/PhpEngine->evaluatePath('C://Users//Window...', Array)
#6 C:/Users/Windows/.gemini/antigravity-ide/scratch/smpit-almutaqin-presensi/vendor/laravel/framework/src/Illuminate/View/View.php(208): Illuminate/View/Engines/CompilerEngine->get('C://Users//Window...', Array)
#7 C:/Users/Windows/.gemini/antigravity-ide/scratch/smpit-almutaqin-presensi/vendor/laravel/framework/src/Illuminate/View/View.php(191): Illuminate/View/View->getContents()
#8 C:/Users/Windows/.gemini/antigravity-ide/scratch/smpit-almutaqin-presensi/vendor/laravel/framework/src/Illuminate/View/View.php(160): Illuminate/View/View->renderContents()
#9 C:/Users/Windows/.gemini/antigravity-ide/scratch/smpit-almutaqin-presensi/vendor/laravel/framework/src/Illuminate/Http/Response.php(82): Illuminate/View/View->render()
#10 C:/Users/Windows/.gemini/antigravity-ide/scratch/smpit-almutaqin-presensi/vendor/laravel/framework/src/Illuminate/Http/Response.php(40): Illuminate/Http/Response->setContent(Object(Illuminate/View/View))
#11 C:/Users/Windows/.gemini/antigravity-ide/scratch/smpit-almutaqin-presensi/vendor/laravel/framework/src/Illuminate/Routing/Router.php(939): Illuminate/Http/Response->__construct(Object(Illuminate/View/View), 200, Array)
#12 C:/Users/Windows/.gemini/antigravity-ide/scratch/smpit-almutaqin-presensi/vendor/laravel/framework/src/Illuminate/Routing/Router.php(906): Illuminate/Routing/Router::toResponse(Object(Illuminate/Http/Request), Object(Illuminate/View/View))
#13 C:/Users/Windows/.gemini/antigravity-ide/scratch/smpit-almutaqin-presensi/vendor/laravel/framework/src/Illuminate/Routing/Router.php(821): Illuminate/Routing/Router->prepareResponse(Object(Illuminate/Http/Request), Object(Illuminate/View/View))
#14 C:/Users/Windows/.gemini/antigravity-ide/scratch/smpit-almutaqin-presensi/vendor/laravel/framework/src/Illuminate/Pipeline/Pipeline.php(180): Illuminate/Routing/Router->Illuminate/Routing/{closure}(Object(Illuminate/Http/Request))
#15 C:/Users/Windows/.gemini/antigravity-ide/scratch/smpit-almutaqin-presensi/app/Http/Middleware/RoleMiddleware.php(26): Illuminate/Pipeline/Pipeline->Illuminate/Pipeline/{closure}(Object(Illuminate/Http/Request))
#16 C:/Users/Windows/.gemini/antigravity-ide/scratch/smpit-almutaqin-presensi/vendor/laravel/framework/src/Illuminate/Pipeline/Pipeline.php(219): App/Http/Middleware/RoleMiddleware->handle(Object(Illuminate/Http/Request), Object(Closure), 'guru')
#17 C:/Users/Windows/.gemini/antigravity-ide/scratch/smpit-almutaqin-presensi/vendor/laravel/framework/src/Illuminate/Routing/Middleware/SubstituteBindings.php(52): Illuminate/Pipeline/Pipeline->Illuminate/Pipeline/{closure}(Object(Illuminate/Http/Request))
#18 C:/Users/Windows/.gemini/antigravity-ide/scratch/smpit-almutaqin-presensi/vendor/laravel/framework/src/Illuminate/Pipeline/Pipeline.php(219): Illuminate/Routing/Middleware/SubstituteBindings->handle(Object(Illuminate/Http/Request), Object(Closure))
#19 C:/Users/Windows/.gemini/antigravity-ide/scratch/smpit-almutaqin-presensi/vendor/laravel/framework/src/Illuminate/Auth/Middleware/Authenticate.php(63): Illuminate/Pipeline/Pipeline->Illuminate/Pipeline/{closure}(Object(Illuminate/Http/Request))
#20 C:/Users/Windows/.gemini/antigravity-ide/scratch/smpit-almutaqin-presensi/vendor/laravel/framework/src/Illuminate/Pipeline/Pipeline.php(219): Illuminate/Auth/Middleware/Authenticate->handle(Object(Illuminate/Http/Request), Object(Closure))
#21 C:/Users/Windows/.gemini/antigravity-ide/scratch/smpit-almutaqin-presensi/vendor/laravel/framework/src/Illuminate/Foundation/Http/Middleware/PreventRequestForgery.php(104): Illuminate/Pipeline/Pipeline->Illuminate/Pipeline/{closure}(Object(Illuminate/Http/Request))
#22 C:/Users/Windows/.gemini/antigravity-ide/scratch/smpit-almutaqin-presensi/vendor/laravel/framework/src/Illuminate/Pipeline/Pipeline.php(219): Illuminate/Foundation/Http/Middleware/PreventRequestForgery->handle(Object(Illuminate/Http/Request), Object(Closure))
#23 C:/Users/Windows/.gemini/antigravity-ide/scratch/smpit-almutaqin-presensi/vendor/laravel/framework/src/Illuminate/View/Middleware/ShareErrorsFromSession.php(48): Illuminate/Pipeline/Pipeline->Illuminate/Pipeline/{closure}(Object(Illuminate/Http/Request))
#24 C:/Users/Windows/.gemini/antigravity-ide/scratch/smpit-almutaqin-presensi/vendor/laravel/framework/src/Illuminate/Pipeline/Pipeline.php(219): Illuminate/View/Middleware/ShareErrorsFromSession->handle(Object(Illuminate/Http/Request), Object(Closure))
#25 C:/Users/Windows/.gemini/antigravity-ide/scratch/smpit-almutaqin-presensi/vendor/laravel/framework/src/Illuminate/Session/Middleware/StartSession.php(120): Illuminate/Pipeline/Pipeline->Illuminate/Pipeline/{closure}(Object(Illuminate/Http/Request))
#26 C:/Users/Windows/.gemini/antigravity-ide/scratch/smpit-almutaqin-presensi/vendor/laravel/framework/src/Illuminate/Session/Middleware/StartSession.php(63): Illuminate/Session/Middleware/StartSession->handleStatefulRequest(Object(Illuminate/Http/Request), Object(Illuminate/Session/Store), Object(Closure))
#27 C:/Users/Windows/.gemini/antigravity-ide/scratch/smpit-almutaqin-presensi/vendor/laravel/framework/src/Illuminate/Pipeline/Pipeline.php(219): Illuminate/Session/Middleware/StartSession->handle(Object(Illuminate/Http/Request), Object(Closure))
#28 C:/Users/Windows/.gemini/antigravity-ide/scratch/smpit-almutaqin-presensi/vendor/laravel/framework/src/Illuminate/Cookie/Middleware/AddQueuedCookiesToResponse.php(36): Illuminate/Pipeline/Pipeline->Illuminate/Pipeline/{closure}(Object(Illuminate/Http/Request))
#29 C:/Users/Windows/.gemini/antigravity-ide/scratch/smpit-almutaqin-presensi/vendor/laravel/framework/src/Illuminate/Pipeline/Pipeline.php(219): Illuminate/Cookie/Middleware/AddQueuedCookiesToResponse->handle(Object(Illuminate/Http/Request), Object(Closure))
#30 C:/Users/Windows/.gemini/antigravity-ide/scratch/smpit-almutaqin-presensi/vendor/laravel/framework/src/Illuminate/Cookie/Middleware/EncryptCookies.php(74): Illuminate/Pipeline/Pipeline->Illuminate/Pipeline/{closure}(Object(Illuminate/Http/Request))
#31 C:/Users/Windows/.gemini/antigravity-ide/scratch/smpit-almutaqin-presensi/vendor/laravel/framework/src/Illuminate/Pipeline/Pipeline.php(219): Illuminate/Cookie/Middleware/EncryptCookies->handle(Object(Illuminate/Http/Request), Object(Closure))
#32 C:/Users/Windows/.gemini/antigravity-ide/scratch/smpit-almutaqin-presensi/vendor/laravel/framework/src/Illuminate/Pipeline/Pipeline.php(137): Illuminate/Pipeline/Pipeline->Illuminate/Pipeline/{closure}(Object(Illuminate/Http/Request))
#33 C:/Users/Windows/.gemini/antigravity-ide/scratch/smpit-almutaqin-presensi/vendor/laravel/framework/src/Illuminate/Routing/Router.php(821): Illuminate/Pipeline/Pipeline->then(Object(Closure))
#34 C:/Users/Windows/.gemini/antigravity-ide/scratch/smpit-almutaqin-presensi/vendor/laravel/framework/src/Illuminate/Routing/Router.php(800): Illuminate/Routing/Router->runRouteWithinStack(Object(Illuminate/Routing/Route), Object(Illuminate/Http/Request))
#35 C:/Users/Windows/.gemini/antigravity-ide/scratch/smpit-almutaqin-presensi/vendor/laravel/framework/src/Illuminate/Routing/Router.php(764): Illuminate/Routing/Router->runRoute(Object(Illuminate/Http/Request), Object(Illuminate/Routing/Route))
#36 C:/Users/Windows/.gemini/antigravity-ide/scratch/smpit-almutaqin-presensi/vendor/laravel/framework/src/Illuminate/Routing/Router.php(753): Illuminate/Routing/Router->dispatchToRoute(Object(Illuminate/Http/Request))
#37 C:/Users/Windows/.gemini/antigravity-ide/scratch/smpit-almutaqin-presensi/vendor/laravel/framework/src/Illuminate/Foundation/Http/Kernel.php(200): Illuminate/Routing/Router->dispatch(Object(Illuminate/Http/Request))
#38 C:/Users/Windows/.gemini/antigravity-ide/scratch/smpit-almutaqin-presensi/vendor/laravel/framework/src/Illuminate/Pipeline/Pipeline.php(180): Illuminate/Foundation/Http/Kernel->Illuminate/Foundation/Http/{closure}(Object(Illuminate/Http/Request))
#39 C:/Users/Windows/.gemini/antigravity-ide/scratch/smpit-almutaqin-presensi/vendor/laravel/framework/src/Illuminate/Foundation/Http/Middleware/TransformsRequest.php(21): Illuminate/Pipeline/Pipeline->Illuminate/Pipeline/{closure}(Object(Illuminate/Http/Request))
#40 C:/Users/Windows/.gemini/antigravity-ide/scratch/smpit-almutaqin-presensi/vendor/laravel/framework/src/Illuminate/Foundation/Http/Middleware/ConvertEmptyStringsToNull.php(31): Illuminate/Foundation/Http/Middleware/TransformsRequest->handle(Object(Illuminate/Http/Request), Object(Closure))
#41 C:/Users/Windows/.gemini/antigravity-ide/scratch/smpit-almutaqin-presensi/vendor/laravel/framework/src/Illuminate/Pipeline/Pipeline.php(219): Illuminate/Foundation/Http/Middleware/ConvertEmptyStringsToNull->handle(Object(Illuminate/Http/Request), Object(Closure))
#42 C:/Users/Windows/.gemini/antigravity-ide/scratch/smpit-almutaqin-presensi/vendor/laravel/framework/src/Illuminate/Foundation/Http/Middleware/TransformsRequest.php(21): Illuminate/Pipeline/Pipeline->Illuminate/Pipeline/{closure}(Object(Illuminate/Http/Request))
#43 C:/Users/Windows/.gemini/antigravity-ide/scratch/smpit-almutaqin-presensi/vendor/laravel/framework/src/Illuminate/Foundation/Http/Middleware/TrimStrings.php(51): Illuminate/Foundation/Http/Middleware/TransformsRequest->handle(Object(Illuminate/Http/Request), Object(Closure))
#44 C:/Users/Windows/.gemini/antigravity-ide/scratch/smpit-almutaqin-presensi/vendor/laravel/framework/src/Illuminate/Pipeline/Pipeline.php(219): Illuminate/Foundation/Http/Middleware/TrimStrings->handle(Object(Illuminate/Http/Request), Object(Closure))
#45 C:/Users/Windows/.gemini/antigravity-ide/scratch/smpit-almutaqin-presensi/vendor/laravel/framework/src/Illuminate/Http/Middleware/ValidatePostSize.php(27): Illuminate/Pipeline/Pipeline->Illuminate/Pipeline/{closure}(Object(Illuminate/Http/Request))
#46 C:/Users/Windows/.gemini/antigravity-ide/scratch/smpit-almutaqin-presensi/vendor/laravel/framework/src/Illuminate/Pipeline/Pipeline.php(219): Illuminate/Http/Middleware/ValidatePostSize->handle(Object(Illuminate/Http/Request), Object(Closure))
#47 C:/Users/Windows/.gemini/antigravity-ide/scratch/smpit-almutaqin-presensi/vendor/laravel/framework/src/Illuminate/Foundation/Http/Middleware/PreventRequestsDuringMaintenance.php(109): Illuminate/Pipeline/Pipeline->Illuminate/Pipeline/{closure}(Object(Illuminate/Http/Request))
#48 C:/Users/Windows/.gemini/antigravity-ide/scratch/smpit-almutaqin-presensi/vendor/laravel/framework/src/Illuminate/Pipeline/Pipeline.php(219): Illuminate/Foundation/Http/Middleware/PreventRequestsDuringMaintenance->handle(Object(Illuminate/Http/Request), Object(Closure))
#49 C:/Users/Windows/.gemini/antigravity-ide/scratch/smpit-almutaqin-presensi/vendor/laravel/framework/src/Illuminate/Http/Middleware/HandleCors.php(61): Illuminate/Pipeline/Pipeline->Illuminate/Pipeline/{closure}(Object(Illuminate/Http/Request))
#50 C:/Users/Windows/.gemini/antigravity-ide/scratch/smpit-almutaqin-presensi/vendor/laravel/framework/src/Illuminate/Pipeline/Pipeline.php(219): Illuminate/Http/Middleware/HandleCors->handle(Object(Illuminate/Http/Request), Object(Closure))
#51 C:/Users/Windows/.gemini/antigravity-ide/scratch/smpit-almutaqin-presensi/vendor/laravel/framework/src/Illuminate/Http/Middleware/TrustProxies.php(58): Illuminate/Pipeline/Pipeline->Illuminate/Pipeline/{closure}(Object(Illuminate/Http/Request))
#52 C:/Users/Windows/.gemini/antigravity-ide/scratch/smpit-almutaqin-presensi/vendor/laravel/framework/src/Illuminate/Pipeline/Pipeline.php(219): Illuminate/Http/Middleware/TrustProxies->handle(Object(Illuminate/Http/Request), Object(Closure))
#53 C:/Users/Windows/.gemini/antigravity-ide/scratch/smpit-almutaqin-presensi/vendor/laravel/framework/src/Illuminate/Foundation/Http/Middleware/InvokeDeferredCallbacks.php(22): Illuminate/Pipeline/Pipeline->Illuminate/Pipeline/{closure}(Object(Illuminate/Http/Request))
#54 C:/Users/Windows/.gemini/antigravity-ide/scratch/smpit-almutaqin-presensi/vendor/laravel/framework/src/Illuminate/Pipeline/Pipeline.php(219): Illuminate/Foundation/Http/Middleware/InvokeDeferredCallbacks->handle(Object(Illuminate/Http/Request), Object(Closure))
#55 C:/Users/Windows/.gemini/antigravity-ide/scratch/smpit-almutaqin-presensi/vendor/laravel/framework/src/Illuminate/Http/Middleware/ValidatePathEncoding.php(28): Illuminate/Pipeline/Pipeline->Illuminate/Pipeline/{closure}(Object(Illuminate/Http/Request))
#56 C:/Users/Windows/.gemini/antigravity-ide/scratch/smpit-almutaqin-presensi/vendor/laravel/framework/src/Illuminate/Pipeline/Pipeline.php(219): Illuminate/Http/Middleware/ValidatePathEncoding->handle(Object(Illuminate/Http/Request), Object(Closure))
#57 C:/Users/Windows/.gemini/antigravity-ide/scratch/smpit-almutaqin-presensi/vendor/laravel/framework/src/Illuminate/Pipeline/Pipeline.php(137): Illuminate/Pipeline/Pipeline->Illuminate/Pipeline/{closure}(Object(Illuminate/Http/Request))
#58 C:/Users/Windows/.gemini/antigravity-ide/scratch/smpit-almutaqin-presensi/vendor/laravel/framework/src/Illuminate/Foundation/Http/Kernel.php(175): Illuminate/Pipeline/Pipeline->then(Object(Closure))
#59 C:/Users/Windows/.gemini/antigravity-ide/scratch/smpit-almutaqin-presensi/vendor/laravel/framework/src/Illuminate/Foundation/Http/Kernel.php(144): Illuminate/Foundation/Http/Kernel->sendRequestThroughRouter(Object(Illuminate/Http/Request))
#60 C:/Users/Windows/.gemini/antigravity-ide/scratch/smpit-almutaqin-presensi/vendor/laravel/framework/src/Illuminate/Foundation/Application.php(1227): Illuminate/Foundation/Http/Kernel->handle(Object(Illuminate/Http/Request))
#61 C:/Users/Windows/.gemini/antigravity-ide/scratch/smpit-almutaqin-presensi/public/index.php(20): Illuminate/Foundation/Application->handleRequest(Object(Illuminate/Http/Request))
#62 C:/Users/Windows/.gemini/antigravity-ide/scratch/smpit-almutaqin-presensi/vendor/laravel/framework/src/Illuminate/Foundation/resources/server.php(23): require_once('C://Users//Window...')
#63 {main}
"} 
[2026-08-08 13:01:21] local.ERROR: Undefined variable $mode (View: C:\Users\Windows\.gemini\antigravity-ide\scratch\smpit-almutaqin-presensi\resources\views\admin\rekap\cetak.blade.php) {"userId":1,"exception":"[object] (Illuminate\\View\\ViewException(code: 0): Undefined variable $mode (View: C:\\Users\\Windows\\.gemini\\antigravity-ide\\scratch\\smpit-almutaqin-presensi\\resources\\views\\admin\\rekap\\cetak.blade.php) at C:/Users/Windows/.gemini/antigravity-ide/scratch/smpit-almutaqin-presensi/storage/framework/views/e63b9b246bcbc0659a39eb0f950c9b95.php:55)
[stacktrace]
#0 C:/Users/Windows/.gemini/antigravity-ide/scratch/smpit-almutaqin-presensi/vendor/laravel/framework/src/Illuminate/View/Engines/PhpEngine.php(59): Illuminate/View/Engines/CompilerEngine->handleViewException(Object(ErrorException), 1)
#1 C:/Users/Windows/.gemini/antigravity-ide/scratch/smpit-almutaqin-presensi/vendor/laravel/framework/src/Illuminate/View/Engines/CompilerEngine.php(76): Illuminate/View/Engines/PhpEngine->evaluatePath('C://Users//Window...', Array)
#2 C:/Users/Windows/.gemini/antigravity-ide/scratch/smpit-almutaqin-presensi/vendor/laravel/framework/src/Illuminate/View/View.php(208): Illuminate/View/Engines/CompilerEngine->get('C://Users//Window...', Array)
#3 C:/Users/Windows/.gemini/antigravity-ide/scratch/smpit-almutaqin-presensi/vendor/laravel/framework/src/Illuminate/View/View.php(191): Illuminate/View/View->getContents()
#4 C:/Users/Windows/.gemini/antigravity-ide/scratch/smpit-almutaqin-presensi/vendor/laravel/framework/src/Illuminate/View/View.php(160): Illuminate/View/View->renderContents()
#5 C:/Users/Windows/.gemini/antigravity-ide/scratch/smpit-almutaqin-presensi/vendor/laravel/framework/src/Illuminate/Http/Response.php(82): Illuminate/View/View->render()
#6 C:/Users/Windows/.gemini/antigravity-ide/scratch/smpit-almutaqin-presensi/vendor/laravel/framework/src/Illuminate/Http/Response.php(40): Illuminate/Http/Response->setContent(Object(Illuminate/View/View))
#7 C:/Users/Windows/.gemini/antigravity-ide/scratch/smpit-almutaqin-presensi/vendor/laravel/framework/src/Illuminate/Routing/Router.php(939): Illuminate/Http/Response->__construct(Object(Illuminate/View/View), 200, Array)
#8 C:/Users/Windows/.gemini/antigravity-ide/scratch/smpit-almutaqin-presensi/vendor/laravel/framework/src/Illuminate/Routing/Router.php(906): Illuminate/Routing/Router::toResponse(Object(Illuminate/Http/Request), Object(Illuminate/View/View))
#9 C:/Users/Windows/.gemini/antigravity-ide/scratch/smpit-almutaqin-presensi/vendor/laravel/framework/src/Illuminate/Routing/Router.php(821): Illuminate/Routing/Router->prepareResponse(Object(Illuminate/Http/Request), Object(Illuminate/View/View))
#10 C:/Users/Windows/.gemini/antigravity-ide/scratch/smpit-almutaqin-presensi/vendor/laravel/framework/src/Illuminate/Pipeline/Pipeline.php(180): Illuminate/Routing/Router->Illuminate/Routing/{closure}(Object(Illuminate/Http/Request))
#11 C:/Users/Windows/.gemini/antigravity-ide/scratch/smpit-almutaqin-presensi/app/Http/Middleware/RoleMiddleware.php(26): Illuminate/Pipeline/Pipeline->Illuminate/Pipeline/{closure}(Object(Illuminate/Http/Request))
#12 C:/Users/Windows/.gemini/antigravity-ide/scratch/smpit-almutaqin-presensi/vendor/laravel/framework/src/Illuminate/Pipeline/Pipeline.php(219): App/Http/Middleware/RoleMiddleware->handle(Object(Illuminate/Http/Request), Object(Closure), 'admin')
#13 C:/Users/Windows/.gemini/antigravity-ide/scratch/smpit-almutaqin-presensi/vendor/laravel/framework/src/Illuminate/Routing/Middleware/SubstituteBindings.php(52): Illuminate/Pipeline/Pipeline->Illuminate/Pipeline/{closure}(Object(Illuminate/Http/Request))
#14 C:/Users/Windows/.gemini/antigravity-ide/scratch/smpit-almutaqin-presensi/vendor/laravel/framework/src/Illuminate/Pipeline/Pipeline.php(219): Illuminate/Routing/Middleware/SubstituteBindings->handle(Object(Illuminate/Http/Request), Object(Closure))
#15 C:/Users/Windows/.gemini/antigravity-ide/scratch/smpit-almutaqin-presensi/vendor/laravel/framework/src/Illuminate/Auth/Middleware/Authenticate.php(63): Illuminate/Pipeline/Pipeline->Illuminate/Pipeline/{closure}(Object(Illuminate/Http/Request))
#16 C:/Users/Windows/.gemini/antigravity-ide/scratch/smpit-almutaqin-presensi/vendor/laravel/framework/src/Illuminate/Pipeline/Pipeline.php(219): Illuminate/Auth/Middleware/Authenticate->handle(Object(Illuminate/Http/Request), Object(Closure))
#17 C:/Users/Windows/.gemini/antigravity-ide/scratch/smpit-almutaqin-presensi/vendor/laravel/framework/src/Illuminate/Foundation/Http/Middleware/PreventRequestForgery.php(104): Illuminate/Pipeline/Pipeline->Illuminate/Pipeline/{closure}(Object(Illuminate/Http/Request))
#18 C:/Users/Windows/.gemini/antigravity-ide/scratch/smpit-almutaqin-presensi/vendor/laravel/framework/src/Illuminate/Pipeline/Pipeline.php(219): Illuminate/Foundation/Http/Middleware/PreventRequestForgery->handle(Object(Illuminate/Http/Request), Object(Closure))
#19 C:/Users/Windows/.gemini/antigravity-ide/scratch/smpit-almutaqin-presensi/vendor/laravel/framework/src/Illuminate/View/Middleware/ShareErrorsFromSession.php(48): Illuminate/Pipeline/Pipeline->Illuminate/Pipeline/{closure}(Object(Illuminate/Http/Request))
#20 C:/Users/Windows/.gemini/antigravity-ide/scratch/smpit-almutaqin-presensi/vendor/laravel/framework/src/Illuminate/Pipeline/Pipeline.php(219): Illuminate/View/Middleware/ShareErrorsFromSession->handle(Object(Illuminate/Http/Request), Object(Closure))
#21 C:/Users/Windows/.gemini/antigravity-ide/scratch/smpit-almutaqin-presensi/vendor/laravel/framework/src/Illuminate/Session/Middleware/StartSession.php(120): Illuminate/Pipeline/Pipeline->Illuminate/Pipeline/{closure}(Object(Illuminate/Http/Request))
#22 C:/Users/Windows/.gemini/antigravity-ide/scratch/smpit-almutaqin-presensi/vendor/laravel/framework/src/Illuminate/Session/Middleware/StartSession.php(63): Illuminate/Session/Middleware/StartSession->handleStatefulRequest(Object(Illuminate/Http/Request), Object(Illuminate/Session/Store), Object(Closure))
#23 C:/Users/Windows/.gemini/antigravity-ide/scratch/smpit-almutaqin-presensi/vendor/laravel/framework/src/Illuminate/Pipeline/Pipeline.php(219): Illuminate/Session/Middleware/StartSession->handle(Object(Illuminate/Http/Request), Object(Closure))
#24 C:/Users/Windows/.gemini/antigravity-ide/scratch/smpit-almutaqin-presensi/vendor/laravel/framework/src/Illuminate/Cookie/Middleware/AddQueuedCookiesToResponse.php(36): Illuminate/Pipeline/Pipeline->Illuminate/Pipeline/{closure}(Object(Illuminate/Http/Request))
#25 C:/Users/Windows/.gemini/antigravity-ide/scratch/smpit-almutaqin-presensi/vendor/laravel/framework/src/Illuminate/Pipeline/Pipeline.php(219): Illuminate/Cookie/Middleware/AddQueuedCookiesToResponse->handle(Object(Illuminate/Http/Request), Object(Closure))
#26 C:/Users/Windows/.gemini/antigravity-ide/scratch/smpit-almutaqin-presensi/vendor/laravel/framework/src/Illuminate/Cookie/Middleware/EncryptCookies.php(74): Illuminate/Pipeline/Pipeline->Illuminate/Pipeline/{closure}(Object(Illuminate/Http/Request))
#27 C:/Users/Windows/.gemini/antigravity-ide/scratch/smpit-almutaqin-presensi/vendor/laravel/framework/src/Illuminate/Pipeline/Pipeline.php(219): Illuminate/Cookie/Middleware/EncryptCookies->handle(Object(Illuminate/Http/Request), Object(Closure))
#28 C:/Users/Windows/.gemini/antigravity-ide/scratch/smpit-almutaqin-presensi/vendor/laravel/framework/src/Illuminate/Pipeline/Pipeline.php(137): Illuminate/Pipeline/Pipeline->Illuminate/Pipeline/{closure}(Object(Illuminate/Http/Request))
#29 C:/Users/Windows/.gemini/antigravity-ide/scratch/smpit-almutaqin-presensi/vendor/laravel/framework/src/Illuminate/Routing/Router.php(821): Illuminate/Pipeline/Pipeline->then(Object(Closure))
#30 C:/Users/Windows/.gemini/antigravity-ide/scratch/smpit-almutaqin-presensi/vendor/laravel/framework/src/Illuminate/Routing/Router.php(800): Illuminate/Routing/Router->runRouteWithinStack(Object(Illuminate/Routing/Route), Object(Illuminate/Http/Request))
#31 C:/Users/Windows/.gemini/antigravity-ide/scratch/smpit-almutaqin-presensi/vendor/laravel/framework/src/Illuminate/Routing/Router.php(764): Illuminate/Routing/Router->runRoute(Object(Illuminate/Http/Request), Object(Illuminate/Routing/Route))
#32 C:/Users/Windows/.gemini/antigravity-ide/scratch/smpit-almutaqin-presensi/vendor/laravel/framework/src/Illuminate/Routing/Router.php(753): Illuminate/Routing/Router->dispatchToRoute(Object(Illuminate/Http/Request))
#33 C:/Users/Windows/.gemini/antigravity-ide/scratch/smpit-almutaqin-presensi/vendor/laravel/framework/src/Illuminate/Foundation/Http/Kernel.php(200): Illuminate/Routing/Router->dispatch(Object(Illuminate/Http/Request))
#34 C:/Users/Windows/.gemini/antigravity-ide/scratch/smpit-almutaqin-presensi/vendor/laravel/framework/src/Illuminate/Pipeline/Pipeline.php(180): Illuminate/Foundation/Http/Kernel->Illuminate/Foundation/Http/{closure}(Object(Illuminate/Http/Request))
#35 C:/Users/Windows/.gemini/antigravity-ide/scratch/smpit-almutaqin-presensi/vendor/laravel/framework/src/Illuminate/Foundation/Http/Middleware/TransformsRequest.php(21): Illuminate/Pipeline/Pipeline->Illuminate/Pipeline/{closure}(Object(Illuminate/Http/Request))
#36 C:/Users/Windows/.gemini/antigravity-ide/scratch/smpit-almutaqin-presensi/vendor/laravel/framework/src/Illuminate/Foundation/Http/Middleware/ConvertEmptyStringsToNull.php(31): Illuminate/Foundation/Http/Middleware/TransformsRequest->handle(Object(Illuminate/Http/Request), Object(Closure))
#37 C:/Users/Windows/.gemini/antigravity-ide/scratch/smpit-almutaqin-presensi/vendor/laravel/framework/src/Illuminate/Pipeline/Pipeline.php(219): Illuminate/Foundation/Http/Middleware/ConvertEmptyStringsToNull->handle(Object(Illuminate/Http/Request), Object(Closure))
#38 C:/Users/Windows/.gemini/antigravity-ide/scratch/smpit-almutaqin-presensi/vendor/laravel/framework/src/Illuminate/Foundation/Http/Middleware/TransformsRequest.php(21): Illuminate/Pipeline/Pipeline->Illuminate/Pipeline/{closure}(Object(Illuminate/Http/Request))
#39 C:/Users/Windows/.gemini/antigravity-ide/scratch/smpit-almutaqin-presensi/vendor/laravel/framework/src/Illuminate/Foundation/Http/Middleware/TrimStrings.php(51): Illuminate/Foundation/Http/Middleware/TransformsRequest->handle(Object(Illuminate/Http/Request), Object(Closure))
#40 C:/Users/Windows/.gemini/antigravity-ide/scratch/smpit-almutaqin-presensi/vendor/laravel/framework/src/Illuminate/Pipeline/Pipeline.php(219): Illuminate/Foundation/Http/Middleware/TrimStrings->handle(Object(Illuminate/Http/Request), Object(Closure))
#41 C:/Users/Windows/.gemini/antigravity-ide/scratch/smpit-almutaqin-presensi/vendor/laravel/framework/src/Illuminate/Http/Middleware/ValidatePostSize.php(27): Illuminate/Pipeline/Pipeline->Illuminate/Pipeline/{closure}(Object(Illuminate/Http/Request))
#42 C:/Users/Windows/.gemini/antigravity-ide/scratch/smpit-almutaqin-presensi/vendor/laravel/framework/src/Illuminate/Pipeline/Pipeline.php(219): Illuminate/Http/Middleware/ValidatePostSize->handle(Object(Illuminate/Http/Request), Object(Closure))
#43 C:/Users/Windows/.gemini/antigravity-ide/scratch/smpit-almutaqin-presensi/vendor/laravel/framework/src/Illuminate/Foundation/Http/Middleware/PreventRequestsDuringMaintenance.php(109): Illuminate/Pipeline/Pipeline->Illuminate/Pipeline/{closure}(Object(Illuminate/Http/Request))
#44 C:/Users/Windows/.gemini/antigravity-ide/scratch/smpit-almutaqin-presensi/vendor/laravel/framework/src/Illuminate/Pipeline/Pipeline.php(219): Illuminate/Foundation/Http/Middleware/PreventRequestsDuringMaintenance->handle(Object(Illuminate/Http/Request), Object(Closure))
#45 C:/Users/Windows/.gemini/antigravity-ide/scratch/smpit-almutaqin-presensi/vendor/laravel/framework/src/Illuminate/Http/Middleware/HandleCors.php(61): Illuminate/Pipeline/Pipeline->Illuminate/Pipeline/{closure}(Object(Illuminate/Http/Request))
#46 C:/Users/Windows/.gemini/antigravity-ide/scratch/smpit-almutaqin-presensi/vendor/laravel/framework/src/Illuminate/Pipeline/Pipeline.php(219): Illuminate/Http/Middleware/HandleCors->handle(Object(Illuminate/Http/Request), Object(Closure))
#47 C:/Users/Windows/.gemini/antigravity-ide/scratch/smpit-almutaqin-presensi/vendor/laravel/framework/src/Illuminate/Http/Middleware/TrustProxies.php(58): Illuminate/Pipeline/Pipeline->Illuminate/Pipeline/{closure}(Object(Illuminate/Http/Request))
#48 C:/Users/Windows/.gemini/antigravity-ide/scratch/smpit-almutaqin-presensi/vendor/laravel/framework/src/Illuminate/Pipeline/Pipeline.php(219): Illuminate/Http/Middleware/TrustProxies->handle(Object(Illuminate/Http/Request), Object(Closure))
#49 C:/Users/Windows/.gemini/antigravity-ide/scratch/smpit-almutaqin-presensi/vendor/laravel/framework/src/Illuminate/Foundation/Http/Middleware/InvokeDeferredCallbacks.php(22): Illuminate/Pipeline/Pipeline->Illuminate/Pipeline/{closure}(Object(Illuminate/Http/Request))
#50 C:/Users/Windows/.gemini/antigravity-ide/scratch/smpit-almutaqin-presensi/vendor/laravel/framework/src/Illuminate/Pipeline/Pipeline.php(219): Illuminate/Foundation/Http/Middleware/InvokeDeferredCallbacks->handle(Object(Illuminate/Http/Request), Object(Closure))
#51 C:/Users/Windows/.gemini/antigravity-ide/scratch/smpit-almutaqin-presensi/vendor/laravel/framework/src/Illuminate/Http/Middleware/ValidatePathEncoding.php(28): Illuminate/Pipeline/Pipeline->Illuminate/Pipeline/{closure}(Object(Illuminate/Http/Request))
#52 C:/Users/Windows/.gemini/antigravity-ide/scratch/smpit-almutaqin-presensi/vendor/laravel/framework/src/Illuminate/Pipeline/Pipeline.php(219): Illuminate/Http/Middleware/ValidatePathEncoding->handle(Object(Illuminate/Http/Request), Object(Closure))
#53 C:/Users/Windows/.gemini/antigravity-ide/scratch/smpit-almutaqin-presensi/vendor/laravel/framework/src/Illuminate/Pipeline/Pipeline.php(137): Illuminate/Pipeline/Pipeline->Illuminate/Pipeline/{closure}(Object(Illuminate/Http/Request))
#54 C:/Users/Windows/.gemini/antigravity-ide/scratch/smpit-almutaqin-presensi/vendor/laravel/framework/src/Illuminate/Foundation/Http/Kernel.php(175): Illuminate/Pipeline/Pipeline->then(Object(Closure))
#55 C:/Users/Windows/.gemini/antigravity-ide/scratch/smpit-almutaqin-presensi/vendor/laravel/framework/src/Illuminate/Foundation/Http/Kernel.php(144): Illuminate/Foundation/Http/Kernel->sendRequestThroughRouter(Object(Illuminate/Http/Request))
#56 C:/Users/Windows/.gemini/antigravity-ide/scratch/smpit-almutaqin-presensi/vendor/laravel/framework/src/Illuminate/Foundation/Application.php(1227): Illuminate/Foundation/Http/Kernel->handle(Object(Illuminate/Http/Request))
#57 C:/Users/Windows/.gemini/antigravity-ide/scratch/smpit-almutaqin-presensi/public/index.php(20): Illuminate/Foundation/Application->handleRequest(Object(Illuminate/Http/Request))
#58 C:/Users/Windows/.gemini/antigravity-ide/scratch/smpit-almutaqin-presensi/vendor/laravel/framework/src/Illuminate/Foundation/resources/server.php(23): require_once('C://Users//Window...')
#59 {main}

[previous exception] [object] (ErrorException(code: 0): Undefined variable $mode at C:/Users/Windows/.gemini/antigravity-ide/scratch/smpit-almutaqin-presensi/storage/framework/views/e63b9b246bcbc0659a39eb0f950c9b95.php:55)
[stacktrace]
#0 C:/Users/Windows/.gemini/antigravity-ide/scratch/smpit-almutaqin-presensi/vendor/laravel/framework/src/Illuminate/Foundation/Bootstrap/HandleExceptions.php(263): Illuminate/Foundation/Bootstrap/HandleExceptions->handleError(2, 'Undefined varia...', 'C://Users//Window...', 55)
#1 C:/Users/Windows/.gemini/antigravity-ide/scratch/smpit-almutaqin-presensi/storage/framework/views/e63b9b246bcbc0659a39eb0f950c9b95.php(55): Illuminate/Foundation/Bootstrap/HandleExceptions->Illuminate/Foundation/Bootstrap/{closure}(2, 'Undefined varia...', 'C://Users//Window...', 55)
#2 C:/Users/Windows/.gemini/antigravity-ide/scratch/smpit-almutaqin-presensi/vendor/laravel/framework/src/Illuminate/Filesystem/Filesystem.php(123): require('C://Users//Window...')
#3 C:/Users/Windows/.gemini/antigravity-ide/scratch/smpit-almutaqin-presensi/vendor/laravel/framework/src/Illuminate/Filesystem/Filesystem.php(124): Illuminate/Filesystem/Filesystem::Illuminate/Filesystem/{closure}()
#4 C:/Users/Windows/.gemini/antigravity-ide/scratch/smpit-almutaqin-presensi/vendor/laravel/framework/src/Illuminate/View/Engines/PhpEngine.php(57): Illuminate/Filesystem/Filesystem->getRequire('C://Users//Window...', Array)
#5 C:/Users/Windows/.gemini/antigravity-ide/scratch/smpit-almutaqin-presensi/vendor/laravel/framework/src/Illuminate/View/Engines/CompilerEngine.php(76): Illuminate/View/Engines/PhpEngine->evaluatePath('C://Users//Window...', Array)
#6 C:/Users/Windows/.gemini/antigravity-ide/scratch/smpit-almutaqin-presensi/vendor/laravel/framework/src/Illuminate/View/View.php(208): Illuminate/View/Engines/CompilerEngine->get('C://Users//Window...', Array)
#7 C:/Users/Windows/.gemini/antigravity-ide/scratch/smpit-almutaqin-presensi/vendor/laravel/framework/src/Illuminate/View/View.php(191): Illuminate/View/View->getContents()
#8 C:/Users/Windows/.gemini/antigravity-ide/scratch/smpit-almutaqin-presensi/vendor/laravel/framework/src/Illuminate/View/View.php(160): Illuminate/View/View->renderContents()
#9 C:/Users/Windows/.gemini/antigravity-ide/scratch/smpit-almutaqin-presensi/vendor/laravel/framework/src/Illuminate/Http/Response.php(82): Illuminate/View/View->render()
#10 C:/Users/Windows/.gemini/antigravity-ide/scratch/smpit-almutaqin-presensi/vendor/laravel/framework/src/Illuminate/Http/Response.php(40): Illuminate/Http/Response->setContent(Object(Illuminate/View/View))
#11 C:/Users/Windows/.gemini/antigravity-ide/scratch/smpit-almutaqin-presensi/vendor/laravel/framework/src/Illuminate/Routing/Router.php(939): Illuminate/Http/Response->__construct(Object(Illuminate/View/View), 200, Array)
#12 C:/Users/Windows/.gemini/antigravity-ide/scratch/smpit-almutaqin-presensi/vendor/laravel/framework/src/Illuminate/Routing/Router.php(906): Illuminate/Routing/Router::toResponse(Object(Illuminate/Http/Request), Object(Illuminate/View/View))
#13 C:/Users/Windows/.gemini/antigravity-ide/scratch/smpit-almutaqin-presensi/vendor/laravel/framework/src/Illuminate/Routing/Router.php(821): Illuminate/Routing/Router->prepareResponse(Object(Illuminate/Http/Request), Object(Illuminate/View/View))
#14 C:/Users/Windows/.gemini/antigravity-ide/scratch/smpit-almutaqin-presensi/vendor/laravel/framework/src/Illuminate/Pipeline/Pipeline.php(180): Illuminate/Routing/Router->Illuminate/Routing/{closure}(Object(Illuminate/Http/Request))
#15 C:/Users/Windows/.gemini/antigravity-ide/scratch/smpit-almutaqin-presensi/app/Http/Middleware/RoleMiddleware.php(26): Illuminate/Pipeline/Pipeline->Illuminate/Pipeline/{closure}(Object(Illuminate/Http/Request))
#16 C:/Users/Windows/.gemini/antigravity-ide/scratch/smpit-almutaqin-presensi/vendor/laravel/framework/src/Illuminate/Pipeline/Pipeline.php(219): App/Http/Middleware/RoleMiddleware->handle(Object(Illuminate/Http/Request), Object(Closure), 'admin')
#17 C:/Users/Windows/.gemini/antigravity-ide/scratch/smpit-almutaqin-presensi/vendor/laravel/framework/src/Illuminate/Routing/Middleware/SubstituteBindings.php(52): Illuminate/Pipeline/Pipeline->Illuminate/Pipeline/{closure}(Object(Illuminate/Http/Request))
#18 C:/Users/Windows/.gemini/antigravity-ide/scratch/smpit-almutaqin-presensi/vendor/laravel/framework/src/Illuminate/Pipeline/Pipeline.php(219): Illuminate/Routing/Middleware/SubstituteBindings->handle(Object(Illuminate/Http/Request), Object(Closure))
#19 C:/Users/Windows/.gemini/antigravity-ide/scratch/smpit-almutaqin-presensi/vendor/laravel/framework/src/Illuminate/Auth/Middleware/Authenticate.php(63): Illuminate/Pipeline/Pipeline->Illuminate/Pipeline/{closure}(Object(Illuminate/Http/Request))
#20 C:/Users/Windows/.gemini/antigravity-ide/scratch/smpit-almutaqin-presensi/vendor/laravel/framework/src/Illuminate/Pipeline/Pipeline.php(219): Illuminate/Auth/Middleware/Authenticate->handle(Object(Illuminate/Http/Request), Object(Closure))
#21 C:/Users/Windows/.gemini/antigravity-ide/scratch/smpit-almutaqin-presensi/vendor/laravel/framework/src/Illuminate/Foundation/Http/Middleware/PreventRequestForgery.php(104): Illuminate/Pipeline/Pipeline->Illuminate/Pipeline/{closure}(Object(Illuminate/Http/Request))
#22 C:/Users/Windows/.gemini/antigravity-ide/scratch/smpit-almutaqin-presensi/vendor/laravel/framework/src/Illuminate/Pipeline/Pipeline.php(219): Illuminate/Foundation/Http/Middleware/PreventRequestForgery->handle(Object(Illuminate/Http/Request), Object(Closure))
#23 C:/Users/Windows/.gemini/antigravity-ide/scratch/smpit-almutaqin-presensi/vendor/laravel/framework/src/Illuminate/View/Middleware/ShareErrorsFromSession.php(48): Illuminate/Pipeline/Pipeline->Illuminate/Pipeline/{closure}(Object(Illuminate/Http/Request))
#24 C:/Users/Windows/.gemini/antigravity-ide/scratch/smpit-almutaqin-presensi/vendor/laravel/framework/src/Illuminate/Pipeline/Pipeline.php(219): Illuminate/View/Middleware/ShareErrorsFromSession->handle(Object(Illuminate/Http/Request), Object(Closure))
#25 C:/Users/Windows/.gemini/antigravity-ide/scratch/smpit-almutaqin-presensi/vendor/laravel/framework/src/Illuminate/Session/Middleware/StartSession.php(120): Illuminate/Pipeline/Pipeline->Illuminate/Pipeline/{closure}(Object(Illuminate/Http/Request))
#26 C:/Users/Windows/.gemini/antigravity-ide/scratch/smpit-almutaqin-presensi/vendor/laravel/framework/src/Illuminate/Session/Middleware/StartSession.php(63): Illuminate/Session/Middleware/StartSession->handleStatefulRequest(Object(Illuminate/Http/Request), Object(Illuminate/Session/Store), Object(Closure))
#27 C:/Users/Windows/.gemini/antigravity-ide/scratch/smpit-almutaqin-presensi/vendor/laravel/framework/src/Illuminate/Pipeline/Pipeline.php(219): Illuminate/Session/Middleware/StartSession->handle(Object(Illuminate/Http/Request), Object(Closure))
#28 C:/Users/Windows/.gemini/antigravity-ide/scratch/smpit-almutaqin-presensi/vendor/laravel/framework/src/Illuminate/Cookie/Middleware/AddQueuedCookiesToResponse.php(36): Illuminate/Pipeline/Pipeline->Illuminate/Pipeline/{closure}(Object(Illuminate/Http/Request))
#29 C:/Users/Windows/.gemini/antigravity-ide/scratch/smpit-almutaqin-presensi/vendor/laravel/framework/src/Illuminate/Pipeline/Pipeline.php(219): Illuminate/Cookie/Middleware/AddQueuedCookiesToResponse->handle(Object(Illuminate/Http/Request), Object(Closure))
#30 C:/Users/Windows/.gemini/antigravity-ide/scratch/smpit-almutaqin-presensi/vendor/laravel/framework/src/Illuminate/Cookie/Middleware/EncryptCookies.php(74): Illuminate/Pipeline/Pipeline->Illuminate/Pipeline/{closure}(Object(Illuminate/Http/Request))
#31 C:/Users/Windows/.gemini/antigravity-ide/scratch/smpit-almutaqin-presensi/vendor/laravel/framework/src/Illuminate/Pipeline/Pipeline.php(219): Illuminate/Cookie/Middleware/EncryptCookies->handle(Object(Illuminate/Http/Request), Object(Closure))
#32 C:/Users/Windows/.gemini/antigravity-ide/scratch/smpit-almutaqin-presensi/vendor/laravel/framework/src/Illuminate/Pipeline/Pipeline.php(137): Illuminate/Pipeline/Pipeline->Illuminate/Pipeline/{closure}(Object(Illuminate/Http/Request))
#33 C:/Users/Windows/.gemini/antigravity-ide/scratch/smpit-almutaqin-presensi/vendor/laravel/framework/src/Illuminate/Routing/Router.php(821): Illuminate/Pipeline/Pipeline->then(Object(Closure))
#34 C:/Users/Windows/.gemini/antigravity-ide/scratch/smpit-almutaqin-presensi/vendor/laravel/framework/src/Illuminate/Routing/Router.php(800): Illuminate/Routing/Router->runRouteWithinStack(Object(Illuminate/Routing/Route), Object(Illuminate/Http/Request))
#35 C:/Users/Windows/.gemini/antigravity-ide/scratch/smpit-almutaqin-presensi/vendor/laravel/framework/src/Illuminate/Routing/Router.php(764): Illuminate/Routing/Router->runRoute(Object(Illuminate/Http/Request), Object(Illuminate/Routing/Route))
#36 C:/Users/Windows/.gemini/antigravity-ide/scratch/smpit-almutaqin-presensi/vendor/laravel/framework/src/Illuminate/Routing/Router.php(753): Illuminate/Routing/Router->dispatchToRoute(Object(Illuminate/Http/Request))
#37 C:/Users/Windows/.gemini/antigravity-ide/scratch/smpit-almutaqin-presensi/vendor/laravel/framework/src/Illuminate/Foundation/Http/Kernel.php(200): Illuminate/Routing/Router->dispatch(Object(Illuminate/Http/Request))
#38 C:/Users/Windows/.gemini/antigravity-ide/scratch/smpit-almutaqin-presensi/vendor/laravel/framework/src/Illuminate/Pipeline/Pipeline.php(180): Illuminate/Foundation/Http/Kernel->Illuminate/Foundation/Http/{closure}(Object(Illuminate/Http/Request))
#39 C:/Users/Windows/.gemini/antigravity-ide/scratch/smpit-almutaqin-presensi/vendor/laravel/framework/src/Illuminate/Foundation/Http/Middleware/TransformsRequest.php(21): Illuminate/Pipeline/Pipeline->Illuminate/Pipeline/{closure}(Object(Illuminate/Http/Request))
#40 C:/Users/Windows/.gemini/antigravity-ide/scratch/smpit-almutaqin-presensi/vendor/laravel/framework/src/Illuminate/Foundation/Http/Middleware/ConvertEmptyStringsToNull.php(31): Illuminate/Foundation/Http/Middleware/TransformsRequest->handle(Object(Illuminate/Http/Request), Object(Closure))
#41 C:/Users/Windows/.gemini/antigravity-ide/scratch/smpit-almutaqin-presensi/vendor/laravel/framework/src/Illuminate/Pipeline/Pipeline.php(219): Illuminate/Foundation/Http/Middleware/ConvertEmptyStringsToNull->handle(Object(Illuminate/Http/Request), Object(Closure))
#42 C:/Users/Windows/.gemini/antigravity-ide/scratch/smpit-almutaqin-presensi/vendor/laravel/framework/src/Illuminate/Foundation/Http/Middleware/TransformsRequest.php(21): Illuminate/Pipeline/Pipeline->Illuminate/Pipeline/{closure}(Object(Illuminate/Http/Request))
#43 C:/Users/Windows/.gemini/antigravity-ide/scratch/smpit-almutaqin-presensi/vendor/laravel/framework/src/Illuminate/Foundation/Http/Middleware/TrimStrings.php(51): Illuminate/Foundation/Http/Middleware/TransformsRequest->handle(Object(Illuminate/Http/Request), Object(Closure))
#44 C:/Users/Windows/.gemini/antigravity-ide/scratch/smpit-almutaqin-presensi/vendor/laravel/framework/src/Illuminate/Pipeline/Pipeline.php(219): Illuminate/Foundation/Http/Middleware/TrimStrings->handle(Object(Illuminate/Http/Request), Object(Closure))
#45 C:/Users/Windows/.gemini/antigravity-ide/scratch/smpit-almutaqin-presensi/vendor/laravel/framework/src/Illuminate/Http/Middleware/ValidatePostSize.php(27): Illuminate/Pipeline/Pipeline->Illuminate/Pipeline/{closure}(Object(Illuminate/Http/Request))
#46 C:/Users/Windows/.gemini/antigravity-ide/scratch/smpit-almutaqin-presensi/vendor/laravel/framework/src/Illuminate/Pipeline/Pipeline.php(219): Illuminate/Http/Middleware/ValidatePostSize->handle(Object(Illuminate/Http/Request), Object(Closure))
#47 C:/Users/Windows/.gemini/antigravity-ide/scratch/smpit-almutaqin-presensi/vendor/laravel/framework/src/Illuminate/Foundation/Http/Middleware/PreventRequestsDuringMaintenance.php(109): Illuminate/Pipeline/Pipeline->Illuminate/Pipeline/{closure}(Object(Illuminate/Http/Request))
#48 C:/Users/Windows/.gemini/antigravity-ide/scratch/smpit-almutaqin-presensi/vendor/laravel/framework/src/Illuminate/Pipeline/Pipeline.php(219): Illuminate/Foundation/Http/Middleware/PreventRequestsDuringMaintenance->handle(Object(Illuminate/Http/Request), Object(Closure))
#49 C:/Users/Windows/.gemini/antigravity-ide/scratch/smpit-almutaqin-presensi/vendor/laravel/framework/src/Illuminate/Http/Middleware/HandleCors.php(61): Illuminate/Pipeline/Pipeline->Illuminate/Pipeline/{closure}(Object(Illuminate/Http/Request))
#50 C:/Users/Windows/.gemini/antigravity-ide/scratch/smpit-almutaqin-presensi/vendor/laravel/framework/src/Illuminate/Pipeline/Pipeline.php(219): Illuminate/Http/Middleware/HandleCors->handle(Object(Illuminate/Http/Request), Object(Closure))
#51 C:/Users/Windows/.gemini/antigravity-ide/scratch/smpit-almutaqin-presensi/vendor/laravel/framework/src/Illuminate/Http/Middleware/TrustProxies.php(58): Illuminate/Pipeline/Pipeline->Illuminate/Pipeline/{closure}(Object(Illuminate/Http/Request))
#52 C:/Users/Windows/.gemini/antigravity-ide/scratch/smpit-almutaqin-presensi/vendor/laravel/framework/src/Illuminate/Pipeline/Pipeline.php(219): Illuminate/Http/Middleware/TrustProxies->handle(Object(Illuminate/Http/Request), Object(Closure))
#53 C:/Users/Windows/.gemini/antigravity-ide/scratch/smpit-almutaqin-presensi/vendor/laravel/framework/src/Illuminate/Foundation/Http/Middleware/InvokeDeferredCallbacks.php(22): Illuminate/Pipeline/Pipeline->Illuminate/Pipeline/{closure}(Object(Illuminate/Http/Request))
#54 C:/Users/Windows/.gemini/antigravity-ide/scratch/smpit-almutaqin-presensi/vendor/laravel/framework/src/Illuminate/Pipeline/Pipeline.php(219): Illuminate/Foundation/Http/Middleware/InvokeDeferredCallbacks->handle(Object(Illuminate/Http/Request), Object(Closure))
#55 C:/Users/Windows/.gemini/antigravity-ide/scratch/smpit-almutaqin-presensi/vendor/laravel/framework/src/Illuminate/Http/Middleware/ValidatePathEncoding.php(28): Illuminate/Pipeline/Pipeline->Illuminate/Pipeline/{closure}(Object(Illuminate/Http/Request))
#56 C:/Users/Windows/.gemini/antigravity-ide/scratch/smpit-almutaqin-presensi/vendor/laravel/framework/src/Illuminate/Pipeline/Pipeline.php(219): Illuminate/Http/Middleware/ValidatePathEncoding->handle(Object(Illuminate/Http/Request), Object(Closure))
#57 C:/Users/Windows/.gemini/antigravity-ide/scratch/smpit-almutaqin-presensi/vendor/laravel/framework/src/Illuminate/Pipeline/Pipeline.php(137): Illuminate/Pipeline/Pipeline->Illuminate/Pipeline/{closure}(Object(Illuminate/Http/Request))
#58 C:/Users/Windows/.gemini/antigravity-ide/scratch/smpit-almutaqin-presensi/vendor/laravel/framework/src/Illuminate/Foundation/Http/Kernel.php(175): Illuminate/Pipeline/Pipeline->then(Object(Closure))
#59 C:/Users/Windows/.gemini/antigravity-ide/scratch/smpit-almutaqin-presensi/vendor/laravel/framework/src/Illuminate/Foundation/Http/Kernel.php(144): Illuminate/Foundation/Http/Kernel->sendRequestThroughRouter(Object(Illuminate/Http/Request))
#60 C:/Users/Windows/.gemini/antigravity-ide/scratch/smpit-almutaqin-presensi/vendor/laravel/framework/src/Illuminate/Foundation/Application.php(1227): Illuminate/Foundation/Http/Kernel->handle(Object(Illuminate/Http/Request))
#61 C:/Users/Windows/.gemini/antigravity-ide/scratch/smpit-almutaqin-presensi/public/index.php(20): Illuminate/Foundation/Application->handleRequest(Object(Illuminate/Http/Request))
#62 C:/Users/Windows/.gemini/antigravity-ide/scratch/smpit-almutaqin-presensi/vendor/laravel/framework/src/Illuminate/Foundation/resources/server.php(23): require_once('C://Users//Window...')
#63 {main}
"} 
[2026-08-08 13:02:06] local.ERROR: Undefined variable $mode (View: C:\Users\Windows\.gemini\antigravity-ide\scratch\smpit-almutaqin-presensi\resources\views\admin\rekap\cetak.blade.php) {"userId":1,"exception":"[object] (Illuminate\\View\\ViewException(code: 0): Undefined variable $mode (View: C:\\Users\\Windows\\.gemini\\antigravity-ide\\scratch\\smpit-almutaqin-presensi\\resources\\views\\admin\\rekap\\cetak.blade.php) at C:/Users/Windows/.gemini/antigravity-ide/scratch/smpit-almutaqin-presensi/storage/framework/views/e63b9b246bcbc0659a39eb0f950c9b95.php:55)
[stacktrace]
#0 C:/Users/Windows/.gemini/antigravity-ide/scratch/smpit-almutaqin-presensi/vendor/laravel/framework/src/Illuminate/View/Engines/PhpEngine.php(59): Illuminate/View/Engines/CompilerEngine->handleViewException(Object(ErrorException), 1)
#1 C:/Users/Windows/.gemini/antigravity-ide/scratch/smpit-almutaqin-presensi/vendor/laravel/framework/src/Illuminate/View/Engines/CompilerEngine.php(76): Illuminate/View/Engines/PhpEngine->evaluatePath('C://Users//Window...', Array)
#2 C:/Users/Windows/.gemini/antigravity-ide/scratch/smpit-almutaqin-presensi/vendor/laravel/framework/src/Illuminate/View/View.php(208): Illuminate/View/Engines/CompilerEngine->get('C://Users//Window...', Array)
#3 C:/Users/Windows/.gemini/antigravity-ide/scratch/smpit-almutaqin-presensi/vendor/laravel/framework/src/Illuminate/View/View.php(191): Illuminate/View/View->getContents()
#4 C:/Users/Windows/.gemini/antigravity-ide/scratch/smpit-almutaqin-presensi/vendor/laravel/framework/src/Illuminate/View/View.php(160): Illuminate/View/View->renderContents()
#5 C:/Users/Windows/.gemini/antigravity-ide/scratch/smpit-almutaqin-presensi/vendor/laravel/framework/src/Illuminate/Http/Response.php(82): Illuminate/View/View->render()
#6 C:/Users/Windows/.gemini/antigravity-ide/scratch/smpit-almutaqin-presensi/vendor/laravel/framework/src/Illuminate/Http/Response.php(40): Illuminate/Http/Response->setContent(Object(Illuminate/View/View))
#7 C:/Users/Windows/.gemini/antigravity-ide/scratch/smpit-almutaqin-presensi/vendor/laravel/framework/src/Illuminate/Routing/Router.php(939): Illuminate/Http/Response->__construct(Object(Illuminate/View/View), 200, Array)
#8 C:/Users/Windows/.gemini/antigravity-ide/scratch/smpit-almutaqin-presensi/vendor/laravel/framework/src/Illuminate/Routing/Router.php(906): Illuminate/Routing/Router::toResponse(Object(Illuminate/Http/Request), Object(Illuminate/View/View))
#9 C:/Users/Windows/.gemini/antigravity-ide/scratch/smpit-almutaqin-presensi/vendor/laravel/framework/src/Illuminate/Routing/Router.php(821): Illuminate/Routing/Router->prepareResponse(Object(Illuminate/Http/Request), Object(Illuminate/View/View))
#10 C:/Users/Windows/.gemini/antigravity-ide/scratch/smpit-almutaqin-presensi/vendor/laravel/framework/src/Illuminate/Pipeline/Pipeline.php(180): Illuminate/Routing/Router->Illuminate/Routing/{closure}(Object(Illuminate/Http/Request))
#11 C:/Users/Windows/.gemini/antigravity-ide/scratch/smpit-almutaqin-presensi/app/Http/Middleware/RoleMiddleware.php(26): Illuminate/Pipeline/Pipeline->Illuminate/Pipeline/{closure}(Object(Illuminate/Http/Request))
#12 C:/Users/Windows/.gemini/antigravity-ide/scratch/smpit-almutaqin-presensi/vendor/laravel/framework/src/Illuminate/Pipeline/Pipeline.php(219): App/Http/Middleware/RoleMiddleware->handle(Object(Illuminate/Http/Request), Object(Closure), 'admin')
#13 C:/Users/Windows/.gemini/antigravity-ide/scratch/smpit-almutaqin-presensi/vendor/laravel/framework/src/Illuminate/Routing/Middleware/SubstituteBindings.php(52): Illuminate/Pipeline/Pipeline->Illuminate/Pipeline/{closure}(Object(Illuminate/Http/Request))
#14 C:/Users/Windows/.gemini/antigravity-ide/scratch/smpit-almutaqin-presensi/vendor/laravel/framework/src/Illuminate/Pipeline/Pipeline.php(219): Illuminate/Routing/Middleware/SubstituteBindings->handle(Object(Illuminate/Http/Request), Object(Closure))
#15 C:/Users/Windows/.gemini/antigravity-ide/scratch/smpit-almutaqin-presensi/vendor/laravel/framework/src/Illuminate/Auth/Middleware/Authenticate.php(63): Illuminate/Pipeline/Pipeline->Illuminate/Pipeline/{closure}(Object(Illuminate/Http/Request))
#16 C:/Users/Windows/.gemini/antigravity-ide/scratch/smpit-almutaqin-presensi/vendor/laravel/framework/src/Illuminate/Pipeline/Pipeline.php(219): Illuminate/Auth/Middleware/Authenticate->handle(Object(Illuminate/Http/Request), Object(Closure))
#17 C:/Users/Windows/.gemini/antigravity-ide/scratch/smpit-almutaqin-presensi/vendor/laravel/framework/src/Illuminate/Foundation/Http/Middleware/PreventRequestForgery.php(104): Illuminate/Pipeline/Pipeline->Illuminate/Pipeline/{closure}(Object(Illuminate/Http/Request))
#18 C:/Users/Windows/.gemini/antigravity-ide/scratch/smpit-almutaqin-presensi/vendor/laravel/framework/src/Illuminate/Pipeline/Pipeline.php(219): Illuminate/Foundation/Http/Middleware/PreventRequestForgery->handle(Object(Illuminate/Http/Request), Object(Closure))
#19 C:/Users/Windows/.gemini/antigravity-ide/scratch/smpit-almutaqin-presensi/vendor/laravel/framework/src/Illuminate/View/Middleware/ShareErrorsFromSession.php(48): Illuminate/Pipeline/Pipeline->Illuminate/Pipeline/{closure}(Object(Illuminate/Http/Request))
#20 C:/Users/Windows/.gemini/antigravity-ide/scratch/smpit-almutaqin-presensi/vendor/laravel/framework/src/Illuminate/Pipeline/Pipeline.php(219): Illuminate/View/Middleware/ShareErrorsFromSession->handle(Object(Illuminate/Http/Request), Object(Closure))
#21 C:/Users/Windows/.gemini/antigravity-ide/scratch/smpit-almutaqin-presensi/vendor/laravel/framework/src/Illuminate/Session/Middleware/StartSession.php(120): Illuminate/Pipeline/Pipeline->Illuminate/Pipeline/{closure}(Object(Illuminate/Http/Request))
#22 C:/Users/Windows/.gemini/antigravity-ide/scratch/smpit-almutaqin-presensi/vendor/laravel/framework/src/Illuminate/Session/Middleware/StartSession.php(63): Illuminate/Session/Middleware/StartSession->handleStatefulRequest(Object(Illuminate/Http/Request), Object(Illuminate/Session/Store), Object(Closure))
#23 C:/Users/Windows/.gemini/antigravity-ide/scratch/smpit-almutaqin-presensi/vendor/laravel/framework/src/Illuminate/Pipeline/Pipeline.php(219): Illuminate/Session/Middleware/StartSession->handle(Object(Illuminate/Http/Request), Object(Closure))
#24 C:/Users/Windows/.gemini/antigravity-ide/scratch/smpit-almutaqin-presensi/vendor/laravel/framework/src/Illuminate/Cookie/Middleware/AddQueuedCookiesToResponse.php(36): Illuminate/Pipeline/Pipeline->Illuminate/Pipeline/{closure}(Object(Illuminate/Http/Request))
#25 C:/Users/Windows/.gemini/antigravity-ide/scratch/smpit-almutaqin-presensi/vendor/laravel/framework/src/Illuminate/Pipeline/Pipeline.php(219): Illuminate/Cookie/Middleware/AddQueuedCookiesToResponse->handle(Object(Illuminate/Http/Request), Object(Closure))
#26 C:/Users/Windows/.gemini/antigravity-ide/scratch/smpit-almutaqin-presensi/vendor/laravel/framework/src/Illuminate/Cookie/Middleware/EncryptCookies.php(74): Illuminate/Pipeline/Pipeline->Illuminate/Pipeline/{closure}(Object(Illuminate/Http/Request))
#27 C:/Users/Windows/.gemini/antigravity-ide/scratch/smpit-almutaqin-presensi/vendor/laravel/framework/src/Illuminate/Pipeline/Pipeline.php(219): Illuminate/Cookie/Middleware/EncryptCookies->handle(Object(Illuminate/Http/Request), Object(Closure))
#28 C:/Users/Windows/.gemini/antigravity-ide/scratch/smpit-almutaqin-presensi/vendor/laravel/framework/src/Illuminate/Pipeline/Pipeline.php(137): Illuminate/Pipeline/Pipeline->Illuminate/Pipeline/{closure}(Object(Illuminate/Http/Request))
#29 C:/Users/Windows/.gemini/antigravity-ide/scratch/smpit-almutaqin-presensi/vendor/laravel/framework/src/Illuminate/Routing/Router.php(821): Illuminate/Pipeline/Pipeline->then(Object(Closure))
#30 C:/Users/Windows/.gemini/antigravity-ide/scratch/smpit-almutaqin-presensi/vendor/laravel/framework/src/Illuminate/Routing/Router.php(800): Illuminate/Routing/Router->runRouteWithinStack(Object(Illuminate/Routing/Route), Object(Illuminate/Http/Request))
#31 C:/Users/Windows/.gemini/antigravity-ide/scratch/smpit-almutaqin-presensi/vendor/laravel/framework/src/Illuminate/Routing/Router.php(764): Illuminate/Routing/Router->runRoute(Object(Illuminate/Http/Request), Object(Illuminate/Routing/Route))
#32 C:/Users/Windows/.gemini/antigravity-ide/scratch/smpit-almutaqin-presensi/vendor/laravel/framework/src/Illuminate/Routing/Router.php(753): Illuminate/Routing/Router->dispatchToRoute(Object(Illuminate/Http/Request))
#33 C:/Users/Windows/.gemini/antigravity-ide/scratch/smpit-almutaqin-presensi/vendor/laravel/framework/src/Illuminate/Foundation/Http/Kernel.php(200): Illuminate/Routing/Router->dispatch(Object(Illuminate/Http/Request))
#34 C:/Users/Windows/.gemini/antigravity-ide/scratch/smpit-almutaqin-presensi/vendor/laravel/framework/src/Illuminate/Pipeline/Pipeline.php(180): Illuminate/Foundation/Http/Kernel->Illuminate/Foundation/Http/{closure}(Object(Illuminate/Http/Request))
#35 C:/Users/Windows/.gemini/antigravity-ide/scratch/smpit-almutaqin-presensi/vendor/laravel/framework/src/Illuminate/Foundation/Http/Middleware/TransformsRequest.php(21): Illuminate/Pipeline/Pipeline->Illuminate/Pipeline/{closure}(Object(Illuminate/Http/Request))
#36 C:/Users/Windows/.gemini/antigravity-ide/scratch/smpit-almutaqin-presensi/vendor/laravel/framework/src/Illuminate/Foundation/Http/Middleware/ConvertEmptyStringsToNull.php(31): Illuminate/Foundation/Http/Middleware/TransformsRequest->handle(Object(Illuminate/Http/Request), Object(Closure))
#37 C:/Users/Windows/.gemini/antigravity-ide/scratch/smpit-almutaqin-presensi/vendor/laravel/framework/src/Illuminate/Pipeline/Pipeline.php(219): Illuminate/Foundation/Http/Middleware/ConvertEmptyStringsToNull->handle(Object(Illuminate/Http/Request), Object(Closure))
#38 C:/Users/Windows/.gemini/antigravity-ide/scratch/smpit-almutaqin-presensi/vendor/laravel/framework/src/Illuminate/Foundation/Http/Middleware/TransformsRequest.php(21): Illuminate/Pipeline/Pipeline->Illuminate/Pipeline/{closure}(Object(Illuminate/Http/Request))
#39 C:/Users/Windows/.gemini/antigravity-ide/scratch/smpit-almutaqin-presensi/vendor/laravel/framework/src/Illuminate/Foundation/Http/Middleware/TrimStrings.php(51): Illuminate/Foundation/Http/Middleware/TransformsRequest->handle(Object(Illuminate/Http/Request), Object(Closure))
#40 C:/Users/Windows/.gemini/antigravity-ide/scratch/smpit-almutaqin-presensi/vendor/laravel/framework/src/Illuminate/Pipeline/Pipeline.php(219): Illuminate/Foundation/Http/Middleware/TrimStrings->handle(Object(Illuminate/Http/Request), Object(Closure))
#41 C:/Users/Windows/.gemini/antigravity-ide/scratch/smpit-almutaqin-presensi/vendor/laravel/framework/src/Illuminate/Http/Middleware/ValidatePostSize.php(27): Illuminate/Pipeline/Pipeline->Illuminate/Pipeline/{closure}(Object(Illuminate/Http/Request))
#42 C:/Users/Windows/.gemini/antigravity-ide/scratch/smpit-almutaqin-presensi/vendor/laravel/framework/src/Illuminate/Pipeline/Pipeline.php(219): Illuminate/Http/Middleware/ValidatePostSize->handle(Object(Illuminate/Http/Request), Object(Closure))
#43 C:/Users/Windows/.gemini/antigravity-ide/scratch/smpit-almutaqin-presensi/vendor/laravel/framework/src/Illuminate/Foundation/Http/Middleware/PreventRequestsDuringMaintenance.php(109): Illuminate/Pipeline/Pipeline->Illuminate/Pipeline/{closure}(Object(Illuminate/Http/Request))
#44 C:/Users/Windows/.gemini/antigravity-ide/scratch/smpit-almutaqin-presensi/vendor/laravel/framework/src/Illuminate/Pipeline/Pipeline.php(219): Illuminate/Foundation/Http/Middleware/PreventRequestsDuringMaintenance->handle(Object(Illuminate/Http/Request), Object(Closure))
#45 C:/Users/Windows/.gemini/antigravity-ide/scratch/smpit-almutaqin-presensi/vendor/laravel/framework/src/Illuminate/Http/Middleware/HandleCors.php(61): Illuminate/Pipeline/Pipeline->Illuminate/Pipeline/{closure}(Object(Illuminate/Http/Request))
#46 C:/Users/Windows/.gemini/antigravity-ide/scratch/smpit-almutaqin-presensi/vendor/laravel/framework/src/Illuminate/Pipeline/Pipeline.php(219): Illuminate/Http/Middleware/HandleCors->handle(Object(Illuminate/Http/Request), Object(Closure))
#47 C:/Users/Windows/.gemini/antigravity-ide/scratch/smpit-almutaqin-presensi/vendor/laravel/framework/src/Illuminate/Http/Middleware/TrustProxies.php(58): Illuminate/Pipeline/Pipeline->Illuminate/Pipeline/{closure}(Object(Illuminate/Http/Request))
#48 C:/Users/Windows/.gemini/antigravity-ide/scratch/smpit-almutaqin-presensi/vendor/laravel/framework/src/Illuminate/Pipeline/Pipeline.php(219): Illuminate/Http/Middleware/TrustProxies->handle(Object(Illuminate/Http/Request), Object(Closure))
#49 C:/Users/Windows/.gemini/antigravity-ide/scratch/smpit-almutaqin-presensi/vendor/laravel/framework/src/Illuminate/Foundation/Http/Middleware/InvokeDeferredCallbacks.php(22): Illuminate/Pipeline/Pipeline->Illuminate/Pipeline/{closure}(Object(Illuminate/Http/Request))
#50 C:/Users/Windows/.gemini/antigravity-ide/scratch/smpit-almutaqin-presensi/vendor/laravel/framework/src/Illuminate/Pipeline/Pipeline.php(219): Illuminate/Foundation/Http/Middleware/InvokeDeferredCallbacks->handle(Object(Illuminate/Http/Request), Object(Closure))
#51 C:/Users/Windows/.gemini/antigravity-ide/scratch/smpit-almutaqin-presensi/vendor/laravel/framework/src/Illuminate/Http/Middleware/ValidatePathEncoding.php(28): Illuminate/Pipeline/Pipeline->Illuminate/Pipeline/{closure}(Object(Illuminate/Http/Request))
#52 C:/Users/Windows/.gemini/antigravity-ide/scratch/smpit-almutaqin-presensi/vendor/laravel/framework/src/Illuminate/Pipeline/Pipeline.php(219): Illuminate/Http/Middleware/ValidatePathEncoding->handle(Object(Illuminate/Http/Request), Object(Closure))
#53 C:/Users/Windows/.gemini/antigravity-ide/scratch/smpit-almutaqin-presensi/vendor/laravel/framework/src/Illuminate/Pipeline/Pipeline.php(137): Illuminate/Pipeline/Pipeline->Illuminate/Pipeline/{closure}(Object(Illuminate/Http/Request))
#54 C:/Users/Windows/.gemini/antigravity-ide/scratch/smpit-almutaqin-presensi/vendor/laravel/framework/src/Illuminate/Foundation/Http/Kernel.php(175): Illuminate/Pipeline/Pipeline->then(Object(Closure))
#55 C:/Users/Windows/.gemini/antigravity-ide/scratch/smpit-almutaqin-presensi/vendor/laravel/framework/src/Illuminate/Foundation/Http/Kernel.php(144): Illuminate/Foundation/Http/Kernel->sendRequestThroughRouter(Object(Illuminate/Http/Request))
#56 C:/Users/Windows/.gemini/antigravity-ide/scratch/smpit-almutaqin-presensi/vendor/laravel/framework/src/Illuminate/Foundation/Application.php(1227): Illuminate/Foundation/Http/Kernel->handle(Object(Illuminate/Http/Request))
#57 C:/Users/Windows/.gemini/antigravity-ide/scratch/smpit-almutaqin-presensi/public/index.php(20): Illuminate/Foundation/Application->handleRequest(Object(Illuminate/Http/Request))
#58 C:/Users/Windows/.gemini/antigravity-ide/scratch/smpit-almutaqin-presensi/vendor/laravel/framework/src/Illuminate/Foundation/resources/server.php(23): require_once('C://Users//Window...')
#59 {main}

[previous exception] [object] (ErrorException(code: 0): Undefined variable $mode at C:/Users/Windows/.gemini/antigravity-ide/scratch/smpit-almutaqin-presensi/storage/framework/views/e63b9b246bcbc0659a39eb0f950c9b95.php:55)
[stacktrace]
#0 C:/Users/Windows/.gemini/antigravity-ide/scratch/smpit-almutaqin-presensi/vendor/laravel/framework/src/Illuminate/Foundation/Bootstrap/HandleExceptions.php(263): Illuminate/Foundation/Bootstrap/HandleExceptions->handleError(2, 'Undefined varia...', 'C://Users//Window...', 55)
#1 C:/Users/Windows/.gemini/antigravity-ide/scratch/smpit-almutaqin-presensi/storage/framework/views/e63b9b246bcbc0659a39eb0f950c9b95.php(55): Illuminate/Foundation/Bootstrap/HandleExceptions->Illuminate/Foundation/Bootstrap/{closure}(2, 'Undefined varia...', 'C://Users//Window...', 55)
#2 C:/Users/Windows/.gemini/antigravity-ide/scratch/smpit-almutaqin-presensi/vendor/laravel/framework/src/Illuminate/Filesystem/Filesystem.php(123): require('C://Users//Window...')
#3 C:/Users/Windows/.gemini/antigravity-ide/scratch/smpit-almutaqin-presensi/vendor/laravel/framework/src/Illuminate/Filesystem/Filesystem.php(124): Illuminate/Filesystem/Filesystem::Illuminate/Filesystem/{closure}()
#4 C:/Users/Windows/.gemini/antigravity-ide/scratch/smpit-almutaqin-presensi/vendor/laravel/framework/src/Illuminate/View/Engines/PhpEngine.php(57): Illuminate/Filesystem/Filesystem->getRequire('C://Users//Window...', Array)
#5 C:/Users/Windows/.gemini/antigravity-ide/scratch/smpit-almutaqin-presensi/vendor/laravel/framework/src/Illuminate/View/Engines/CompilerEngine.php(76): Illuminate/View/Engines/PhpEngine->evaluatePath('C://Users//Window...', Array)
#6 C:/Users/Windows/.gemini/antigravity-ide/scratch/smpit-almutaqin-presensi/vendor/laravel/framework/src/Illuminate/View/View.php(208): Illuminate/View/Engines/CompilerEngine->get('C://Users//Window...', Array)
#7 C:/Users/Windows/.gemini/antigravity-ide/scratch/smpit-almutaqin-presensi/vendor/laravel/framework/src/Illuminate/View/View.php(191): Illuminate/View/View->getContents()
#8 C:/Users/Windows/.gemini/antigravity-ide/scratch/smpit-almutaqin-presensi/vendor/laravel/framework/src/Illuminate/View/View.php(160): Illuminate/View/View->renderContents()
#9 C:/Users/Windows/.gemini/antigravity-ide/scratch/smpit-almutaqin-presensi/vendor/laravel/framework/src/Illuminate/Http/Response.php(82): Illuminate/View/View->render()
#10 C:/Users/Windows/.gemini/antigravity-ide/scratch/smpit-almutaqin-presensi/vendor/laravel/framework/src/Illuminate/Http/Response.php(40): Illuminate/Http/Response->setContent(Object(Illuminate/View/View))
#11 C:/Users/Windows/.gemini/antigravity-ide/scratch/smpit-almutaqin-presensi/vendor/laravel/framework/src/Illuminate/Routing/Router.php(939): Illuminate/Http/Response->__construct(Object(Illuminate/View/View), 200, Array)
#12 C:/Users/Windows/.gemini/antigravity-ide/scratch/smpit-almutaqin-presensi/vendor/laravel/framework/src/Illuminate/Routing/Router.php(906): Illuminate/Routing/Router::toResponse(Object(Illuminate/Http/Request), Object(Illuminate/View/View))
#13 C:/Users/Windows/.gemini/antigravity-ide/scratch/smpit-almutaqin-presensi/vendor/laravel/framework/src/Illuminate/Routing/Router.php(821): Illuminate/Routing/Router->prepareResponse(Object(Illuminate/Http/Request), Object(Illuminate/View/View))
#14 C:/Users/Windows/.gemini/antigravity-ide/scratch/smpit-almutaqin-presensi/vendor/laravel/framework/src/Illuminate/Pipeline/Pipeline.php(180): Illuminate/Routing/Router->Illuminate/Routing/{closure}(Object(Illuminate/Http/Request))
#15 C:/Users/Windows/.gemini/antigravity-ide/scratch/smpit-almutaqin-presensi/app/Http/Middleware/RoleMiddleware.php(26): Illuminate/Pipeline/Pipeline->Illuminate/Pipeline/{closure}(Object(Illuminate/Http/Request))
#16 C:/Users/Windows/.gemini/antigravity-ide/scratch/smpit-almutaqin-presensi/vendor/laravel/framework/src/Illuminate/Pipeline/Pipeline.php(219): App/Http/Middleware/RoleMiddleware->handle(Object(Illuminate/Http/Request), Object(Closure), 'admin')
#17 C:/Users/Windows/.gemini/antigravity-ide/scratch/smpit-almutaqin-presensi/vendor/laravel/framework/src/Illuminate/Routing/Middleware/SubstituteBindings.php(52): Illuminate/Pipeline/Pipeline->Illuminate/Pipeline/{closure}(Object(Illuminate/Http/Request))
#18 C:/Users/Windows/.gemini/antigravity-ide/scratch/smpit-almutaqin-presensi/vendor/laravel/framework/src/Illuminate/Pipeline/Pipeline.php(219): Illuminate/Routing/Middleware/SubstituteBindings->handle(Object(Illuminate/Http/Request), Object(Closure))
#19 C:/Users/Windows/.gemini/antigravity-ide/scratch/smpit-almutaqin-presensi/vendor/laravel/framework/src/Illuminate/Auth/Middleware/Authenticate.php(63): Illuminate/Pipeline/Pipeline->Illuminate/Pipeline/{closure}(Object(Illuminate/Http/Request))
#20 C:/Users/Windows/.gemini/antigravity-ide/scratch/smpit-almutaqin-presensi/vendor/laravel/framework/src/Illuminate/Pipeline/Pipeline.php(219): Illuminate/Auth/Middleware/Authenticate->handle(Object(Illuminate/Http/Request), Object(Closure))
#21 C:/Users/Windows/.gemini/antigravity-ide/scratch/smpit-almutaqin-presensi/vendor/laravel/framework/src/Illuminate/Foundation/Http/Middleware/PreventRequestForgery.php(104): Illuminate/Pipeline/Pipeline->Illuminate/Pipeline/{closure}(Object(Illuminate/Http/Request))
#22 C:/Users/Windows/.gemini/antigravity-ide/scratch/smpit-almutaqin-presensi/vendor/laravel/framework/src/Illuminate/Pipeline/Pipeline.php(219): Illuminate/Foundation/Http/Middleware/PreventRequestForgery->handle(Object(Illuminate/Http/Request), Object(Closure))
#23 C:/Users/Windows/.gemini/antigravity-ide/scratch/smpit-almutaqin-presensi/vendor/laravel/framework/src/Illuminate/View/Middleware/ShareErrorsFromSession.php(48): Illuminate/Pipeline/Pipeline->Illuminate/Pipeline/{closure}(Object(Illuminate/Http/Request))
#24 C:/Users/Windows/.gemini/antigravity-ide/scratch/smpit-almutaqin-presensi/vendor/laravel/framework/src/Illuminate/Pipeline/Pipeline.php(219): Illuminate/View/Middleware/ShareErrorsFromSession->handle(Object(Illuminate/Http/Request), Object(Closure))
#25 C:/Users/Windows/.gemini/antigravity-ide/scratch/smpit-almutaqin-presensi/vendor/laravel/framework/src/Illuminate/Session/Middleware/StartSession.php(120): Illuminate/Pipeline/Pipeline->Illuminate/Pipeline/{closure}(Object(Illuminate/Http/Request))
#26 C:/Users/Windows/.gemini/antigravity-ide/scratch/smpit-almutaqin-presensi/vendor/laravel/framework/src/Illuminate/Session/Middleware/StartSession.php(63): Illuminate/Session/Middleware/StartSession->handleStatefulRequest(Object(Illuminate/Http/Request), Object(Illuminate/Session/Store), Object(Closure))
#27 C:/Users/Windows/.gemini/antigravity-ide/scratch/smpit-almutaqin-presensi/vendor/laravel/framework/src/Illuminate/Pipeline/Pipeline.php(219): Illuminate/Session/Middleware/StartSession->handle(Object(Illuminate/Http/Request), Object(Closure))
#28 C:/Users/Windows/.gemini/antigravity-ide/scratch/smpit-almutaqin-presensi/vendor/laravel/framework/src/Illuminate/Cookie/Middleware/AddQueuedCookiesToResponse.php(36): Illuminate/Pipeline/Pipeline->Illuminate/Pipeline/{closure}(Object(Illuminate/Http/Request))
#29 C:/Users/Windows/.gemini/antigravity-ide/scratch/smpit-almutaqin-presensi/vendor/laravel/framework/src/Illuminate/Pipeline/Pipeline.php(219): Illuminate/Cookie/Middleware/AddQueuedCookiesToResponse->handle(Object(Illuminate/Http/Request), Object(Closure))
#30 C:/Users/Windows/.gemini/antigravity-ide/scratch/smpit-almutaqin-presensi/vendor/laravel/framework/src/Illuminate/Cookie/Middleware/EncryptCookies.php(74): Illuminate/Pipeline/Pipeline->Illuminate/Pipeline/{closure}(Object(Illuminate/Http/Request))
#31 C:/Users/Windows/.gemini/antigravity-ide/scratch/smpit-almutaqin-presensi/vendor/laravel/framework/src/Illuminate/Pipeline/Pipeline.php(219): Illuminate/Cookie/Middleware/EncryptCookies->handle(Object(Illuminate/Http/Request), Object(Closure))
#32 C:/Users/Windows/.gemini/antigravity-ide/scratch/smpit-almutaqin-presensi/vendor/laravel/framework/src/Illuminate/Pipeline/Pipeline.php(137): Illuminate/Pipeline/Pipeline->Illuminate/Pipeline/{closure}(Object(Illuminate/Http/Request))
#33 C:/Users/Windows/.gemini/antigravity-ide/scratch/smpit-almutaqin-presensi/vendor/laravel/framework/src/Illuminate/Routing/Router.php(821): Illuminate/Pipeline/Pipeline->then(Object(Closure))
#34 C:/Users/Windows/.gemini/antigravity-ide/scratch/smpit-almutaqin-presensi/vendor/laravel/framework/src/Illuminate/Routing/Router.php(800): Illuminate/Routing/Router->runRouteWithinStack(Object(Illuminate/Routing/Route), Object(Illuminate/Http/Request))
#35 C:/Users/Windows/.gemini/antigravity-ide/scratch/smpit-almutaqin-presensi/vendor/laravel/framework/src/Illuminate/Routing/Router.php(764): Illuminate/Routing/Router->runRoute(Object(Illuminate/Http/Request), Object(Illuminate/Routing/Route))
#36 C:/Users/Windows/.gemini/antigravity-ide/scratch/smpit-almutaqin-presensi/vendor/laravel/framework/src/Illuminate/Routing/Router.php(753): Illuminate/Routing/Router->dispatchToRoute(Object(Illuminate/Http/Request))
#37 C:/Users/Windows/.gemini/antigravity-ide/scratch/smpit-almutaqin-presensi/vendor/laravel/framework/src/Illuminate/Foundation/Http/Kernel.php(200): Illuminate/Routing/Router->dispatch(Object(Illuminate/Http/Request))
#38 C:/Users/Windows/.gemini/antigravity-ide/scratch/smpit-almutaqin-presensi/vendor/laravel/framework/src/Illuminate/Pipeline/Pipeline.php(180): Illuminate/Foundation/Http/Kernel->Illuminate/Foundation/Http/{closure}(Object(Illuminate/Http/Request))
#39 C:/Users/Windows/.gemini/antigravity-ide/scratch/smpit-almutaqin-presensi/vendor/laravel/framework/src/Illuminate/Foundation/Http/Middleware/TransformsRequest.php(21): Illuminate/Pipeline/Pipeline->Illuminate/Pipeline/{closure}(Object(Illuminate/Http/Request))
#40 C:/Users/Windows/.gemini/antigravity-ide/scratch/smpit-almutaqin-presensi/vendor/laravel/framework/src/Illuminate/Foundation/Http/Middleware/ConvertEmptyStringsToNull.php(31): Illuminate/Foundation/Http/Middleware/TransformsRequest->handle(Object(Illuminate/Http/Request), Object(Closure))
#41 C:/Users/Windows/.gemini/antigravity-ide/scratch/smpit-almutaqin-presensi/vendor/laravel/framework/src/Illuminate/Pipeline/Pipeline.php(219): Illuminate/Foundation/Http/Middleware/ConvertEmptyStringsToNull->handle(Object(Illuminate/Http/Request), Object(Closure))
#42 C:/Users/Windows/.gemini/antigravity-ide/scratch/smpit-almutaqin-presensi/vendor/laravel/framework/src/Illuminate/Foundation/Http/Middleware/TransformsRequest.php(21): Illuminate/Pipeline/Pipeline->Illuminate/Pipeline/{closure}(Object(Illuminate/Http/Request))
#43 C:/Users/Windows/.gemini/antigravity-ide/scratch/smpit-almutaqin-presensi/vendor/laravel/framework/src/Illuminate/Foundation/Http/Middleware/TrimStrings.php(51): Illuminate/Foundation/Http/Middleware/TransformsRequest->handle(Object(Illuminate/Http/Request), Object(Closure))
#44 C:/Users/Windows/.gemini/antigravity-ide/scratch/smpit-almutaqin-presensi/vendor/laravel/framework/src/Illuminate/Pipeline/Pipeline.php(219): Illuminate/Foundation/Http/Middleware/TrimStrings->handle(Object(Illuminate/Http/Request), Object(Closure))
#45 C:/Users/Windows/.gemini/antigravity-ide/scratch/smpit-almutaqin-presensi/vendor/laravel/framework/src/Illuminate/Http/Middleware/ValidatePostSize.php(27): Illuminate/Pipeline/Pipeline->Illuminate/Pipeline/{closure}(Object(Illuminate/Http/Request))
#46 C:/Users/Windows/.gemini/antigravity-ide/scratch/smpit-almutaqin-presensi/vendor/laravel/framework/src/Illuminate/Pipeline/Pipeline.php(219): Illuminate/Http/Middleware/ValidatePostSize->handle(Object(Illuminate/Http/Request), Object(Closure))
#47 C:/Users/Windows/.gemini/antigravity-ide/scratch/smpit-almutaqin-presensi/vendor/laravel/framework/src/Illuminate/Foundation/Http/Middleware/PreventRequestsDuringMaintenance.php(109): Illuminate/Pipeline/Pipeline->Illuminate/Pipeline/{closure}(Object(Illuminate/Http/Request))
#48 C:/Users/Windows/.gemini/antigravity-ide/scratch/smpit-almutaqin-presensi/vendor/laravel/framework/src/Illuminate/Pipeline/Pipeline.php(219): Illuminate/Foundation/Http/Middleware/PreventRequestsDuringMaintenance->handle(Object(Illuminate/Http/Request), Object(Closure))
#49 C:/Users/Windows/.gemini/antigravity-ide/scratch/smpit-almutaqin-presensi/vendor/laravel/framework/src/Illuminate/Http/Middleware/HandleCors.php(61): Illuminate/Pipeline/Pipeline->Illuminate/Pipeline/{closure}(Object(Illuminate/Http/Request))
#50 C:/Users/Windows/.gemini/antigravity-ide/scratch/smpit-almutaqin-presensi/vendor/laravel/framework/src/Illuminate/Pipeline/Pipeline.php(219): Illuminate/Http/Middleware/HandleCors->handle(Object(Illuminate/Http/Request), Object(Closure))
#51 C:/Users/Windows/.gemini/antigravity-ide/scratch/smpit-almutaqin-presensi/vendor/laravel/framework/src/Illuminate/Http/Middleware/TrustProxies.php(58): Illuminate/Pipeline/Pipeline->Illuminate/Pipeline/{closure}(Object(Illuminate/Http/Request))
#52 C:/Users/Windows/.gemini/antigravity-ide/scratch/smpit-almutaqin-presensi/vendor/laravel/framework/src/Illuminate/Pipeline/Pipeline.php(219): Illuminate/Http/Middleware/TrustProxies->handle(Object(Illuminate/Http/Request), Object(Closure))
#53 C:/Users/Windows/.gemini/antigravity-ide/scratch/smpit-almutaqin-presensi/vendor/laravel/framework/src/Illuminate/Foundation/Http/Middleware/InvokeDeferredCallbacks.php(22): Illuminate/Pipeline/Pipeline->Illuminate/Pipeline/{closure}(Object(Illuminate/Http/Request))
#54 C:/Users/Windows/.gemini/antigravity-ide/scratch/smpit-almutaqin-presensi/vendor/laravel/framework/src/Illuminate/Pipeline/Pipeline.php(219): Illuminate/Foundation/Http/Middleware/InvokeDeferredCallbacks->handle(Object(Illuminate/Http/Request), Object(Closure))
#55 C:/Users/Windows/.gemini/antigravity-ide/scratch/smpit-almutaqin-presensi/vendor/laravel/framework/src/Illuminate/Http/Middleware/ValidatePathEncoding.php(28): Illuminate/Pipeline/Pipeline->Illuminate/Pipeline/{closure}(Object(Illuminate/Http/Request))
#56 C:/Users/Windows/.gemini/antigravity-ide/scratch/smpit-almutaqin-presensi/vendor/laravel/framework/src/Illuminate/Pipeline/Pipeline.php(219): Illuminate/Http/Middleware/ValidatePathEncoding->handle(Object(Illuminate/Http/Request), Object(Closure))
#57 C:/Users/Windows/.gemini/antigravity-ide/scratch/smpit-almutaqin-presensi/vendor/laravel/framework/src/Illuminate/Pipeline/Pipeline.php(137): Illuminate/Pipeline/Pipeline->Illuminate/Pipeline/{closure}(Object(Illuminate/Http/Request))
#58 C:/Users/Windows/.gemini/antigravity-ide/scratch/smpit-almutaqin-presensi/vendor/laravel/framework/src/Illuminate/Foundation/Http/Kernel.php(175): Illuminate/Pipeline/Pipeline->then(Object(Closure))
#59 C:/Users/Windows/.gemini/antigravity-ide/scratch/smpit-almutaqin-presensi/vendor/laravel/framework/src/Illuminate/Foundation/Http/Kernel.php(144): Illuminate/Foundation/Http/Kernel->sendRequestThroughRouter(Object(Illuminate/Http/Request))
#60 C:/Users/Windows/.gemini/antigravity-ide/scratch/smpit-almutaqin-presensi/vendor/laravel/framework/src/Illuminate/Foundation/Application.php(1227): Illuminate/Foundation/Http/Kernel->handle(Object(Illuminate/Http/Request))
#61 C:/Users/Windows/.gemini/antigravity-ide/scratch/smpit-almutaqin-presensi/public/index.php(20): Illuminate/Foundation/Application->handleRequest(Object(Illuminate/Http/Request))
#62 C:/Users/Windows/.gemini/antigravity-ide/scratch/smpit-almutaqin-presensi/vendor/laravel/framework/src/Illuminate/Foundation/resources/server.php(23): require_once('C://Users//Window...')
#63 {main}
"} 
[2026-08-12 18:58:40] local.ERROR: SQLSTATE[HY000] [2002] No connection could be made because the target machine actively refused it (Connection: mysql, Host: 127.0.0.1, Port: 3306, Database: smpit_almutaqin, SQL: select exists (select 1 from information_schema.tables where table_schema = schema() and table_name = 'migrations' and table_type in ('BASE TABLE', 'SYSTEM VERSIONED')) as `exists`) {"exception":"[object] (Illuminate\\Database\\QueryException(code: 2002): SQLSTATE[HY000] [2002] No connection could be made because the target machine actively refused it (Connection: mysql, Host: 127.0.0.1, Port: 3306, Database: smpit_almutaqin, SQL: select exists (select 1 from information_schema.tables where table_schema = schema() and table_name = 'migrations' and table_type in ('BASE TABLE', 'SYSTEM VERSIONED')) as `exists`) at C:/Users/Windows/.gemini/antigravity-ide/scratch/smpit-almutaqin-presensi/vendor/laravel/framework/src/Illuminate/Database/Connection.php:857)
[stacktrace]
#0 C:/Users/Windows/.gemini/antigravity-ide/scratch/smpit-almutaqin-presensi/vendor/laravel/framework/src/Illuminate/Database/Connection.php(1037): Illuminate/Database/Connection->runQueryCallback('select exists (...', Array, Object(Closure))
#1 C:/Users/Windows/.gemini/antigravity-ide/scratch/smpit-almutaqin-presensi/vendor/laravel/framework/src/Illuminate/Database/Connection.php(1016): Illuminate/Database/Connection->tryAgainIfCausedByLostConnection(Object(Illuminate/Database/QueryException), 'select exists (...', Array, Object(Closure))
#2 C:/Users/Windows/.gemini/antigravity-ide/scratch/smpit-almutaqin-presensi/vendor/laravel/framework/src/Illuminate/Database/Connection.php(815): Illuminate/Database/Connection->handleQueryException(Object(Illuminate/Database/QueryException), 'select exists (...', Array, Object(Closure))
#3 C:/Users/Windows/.gemini/antigravity-ide/scratch/smpit-almutaqin-presensi/vendor/laravel/framework/src/Illuminate/Database/Connection.php(426): Illuminate/Database/Connection->run('select exists (...', Array, Object(Closure))
#4 C:/Users/Windows/.gemini/antigravity-ide/scratch/smpit-almutaqin-presensi/vendor/laravel/framework/src/Illuminate/Database/Connection.php(371): Illuminate/Database/Connection->select('select exists (...', Array, true)
#5 C:/Users/Windows/.gemini/antigravity-ide/scratch/smpit-almutaqin-presensi/vendor/laravel/framework/src/Illuminate/Database/Connection.php(388): Illuminate/Database/Connection->selectOne('select exists (...', Array, true)
#6 C:/Users/Windows/.gemini/antigravity-ide/scratch/smpit-almutaqin-presensi/vendor/laravel/framework/src/Illuminate/Database/Schema/Builder.php(176): Illuminate/Database/Connection->scalar('select exists (...')
#7 C:/Users/Windows/.gemini/antigravity-ide/scratch/smpit-almutaqin-presensi/vendor/laravel/framework/src/Illuminate/Database/Migrations/DatabaseMigrationRepository.php(185): Illuminate/Database/Schema/Builder->hasTable('migrations')
#8 C:/Users/Windows/.gemini/antigravity-ide/scratch/smpit-almutaqin-presensi/vendor/laravel/framework/src/Illuminate/Database/Migrations/Migrator.php(797): Illuminate/Database/Migrations/DatabaseMigrationRepository->repositoryExists()
#9 C:/Users/Windows/.gemini/antigravity-ide/scratch/smpit-almutaqin-presensi/vendor/laravel/framework/src/Illuminate/Database/Console/Migrations/MigrateCommand.php(166): Illuminate/Database/Migrations/Migrator->repositoryExists()
#10 C:/Users/Windows/.gemini/antigravity-ide/scratch/smpit-almutaqin-presensi/vendor/laravel/framework/src/Illuminate/Support/helpers.php(328): Illuminate/Database/Console/Migrations/MigrateCommand->Illuminate/Database/Console/Migrations/{closure}(1)
#11 C:/Users/Windows/.gemini/antigravity-ide/scratch/smpit-almutaqin-presensi/vendor/laravel/framework/src/Illuminate/Database/Console/Migrations/MigrateCommand.php(166): retry(1, Object(Closure), 0, Object(Closure))
#12 C:/Users/Windows/.gemini/antigravity-ide/scratch/smpit-almutaqin-presensi/vendor/laravel/framework/src/Illuminate/Database/Console/Migrations/MigrateCommand.php(142): Illuminate/Database/Console/Migrations/MigrateCommand->repositoryExists()
#13 C:/Users/Windows/.gemini/antigravity-ide/scratch/smpit-almutaqin-presensi/vendor/laravel/framework/src/Illuminate/Database/Console/Migrations/MigrateCommand.php(112): Illuminate/Database/Console/Migrations/MigrateCommand->prepareDatabase()
#14 C:/Users/Windows/.gemini/antigravity-ide/scratch/smpit-almutaqin-presensi/vendor/laravel/framework/src/Illuminate/Database/Migrations/Migrator.php(672): Illuminate/Database/Console/Migrations/MigrateCommand->Illuminate/Database/Console/Migrations/{closure}()
#15 C:/Users/Windows/.gemini/antigravity-ide/scratch/smpit-almutaqin-presensi/vendor/laravel/framework/src/Illuminate/Database/Console/Migrations/MigrateCommand.php(111): Illuminate/Database/Migrations/Migrator->usingConnection(NULL, Object(Closure))
#16 C:/Users/Windows/.gemini/antigravity-ide/scratch/smpit-almutaqin-presensi/vendor/laravel/framework/src/Illuminate/Database/Console/Migrations/MigrateCommand.php(90): Illuminate/Database/Console/Migrations/MigrateCommand->runMigrations()
#17 C:/Users/Windows/.gemini/antigravity-ide/scratch/smpit-almutaqin-presensi/vendor/laravel/framework/src/Illuminate/Container/BoundMethod.php(36): Illuminate/Database/Console/Migrations/MigrateCommand->handle()
#18 C:/Users/Windows/.gemini/antigravity-ide/scratch/smpit-almutaqin-presensi/vendor/laravel/framework/src/Illuminate/Container/Util.php(43): Illuminate/Container/BoundMethod::Illuminate/Container/{closure}()
#19 C:/Users/Windows/.gemini/antigravity-ide/scratch/smpit-almutaqin-presensi/vendor/laravel/framework/src/Illuminate/Container/BoundMethod.php(96): Illuminate/Container/Util::unwrapIfClosure(Object(Closure))
#20 C:/Users/Windows/.gemini/antigravity-ide/scratch/smpit-almutaqin-presensi/vendor/laravel/framework/src/Illuminate/Container/BoundMethod.php(35): Illuminate/Container/BoundMethod::callBoundMethod(Object(Illuminate/Foundation/Application), Array, Object(Closure))
#21 C:/Users/Windows/.gemini/antigravity-ide/scratch/smpit-almutaqin-presensi/vendor/laravel/framework/src/Illuminate/Container/Container.php(800): Illuminate/Container/BoundMethod::call(Object(Illuminate/Foundation/Application), Array, Array, NULL)
#22 C:/Users/Windows/.gemini/antigravity-ide/scratch/smpit-almutaqin-presensi/vendor/laravel/framework/src/Illuminate/Console/Command.php(280): Illuminate/Container/Container->call(Array)
#23 C:/Users/Windows/.gemini/antigravity-ide/scratch/smpit-almutaqin-presensi/vendor/symfony/console/Command/Command.php(341): Illuminate/Console/Command->execute(Object(Symfony/Component/Console/Input/ArgvInput), Object(Laravel/Pao/Laravel/PaoOutputStyle))
#24 C:/Users/Windows/.gemini/antigravity-ide/scratch/smpit-almutaqin-presensi/vendor/laravel/framework/src/Illuminate/Console/Command.php(249): Symfony/Component/Console/Command/Command->run(Object(Symfony/Component/Console/Input/ArgvInput), Object(Laravel/Pao/Laravel/PaoOutputStyle))
#25 C:/Users/Windows/.gemini/antigravity-ide/scratch/smpit-almutaqin-presensi/vendor/symfony/console/Application.php(1117): Illuminate/Console/Command->run(Object(Symfony/Component/Console/Input/ArgvInput), Object(Symfony/Component/Console/Output/ConsoleOutput))
#26 C:/Users/Windows/.gemini/antigravity-ide/scratch/smpit-almutaqin-presensi/vendor/symfony/console/Application.php(356): Symfony/Component/Console/Application->doRunCommand(Object(Illuminate/Database/Console/Migrations/MigrateCommand), Object(Symfony/Component/Console/Input/ArgvInput), Object(Symfony/Component/Console/Output/ConsoleOutput))
#27 C:/Users/Windows/.gemini/antigravity-ide/scratch/smpit-almutaqin-presensi/vendor/symfony/console/Application.php(195): Symfony/Component/Console/Application->doRun(Object(Symfony/Component/Console/Input/ArgvInput), Object(Symfony/Component/Console/Output/ConsoleOutput))
#28 C:/Users/Windows/.gemini/antigravity-ide/scratch/smpit-almutaqin-presensi/vendor/laravel/framework/src/Illuminate/Foundation/Console/Kernel.php(198): Symfony/Component/Console/Application->run(Object(Symfony/Component/Console/Input/ArgvInput), Object(Symfony/Component/Console/Output/ConsoleOutput))
#29 C:/Users/Windows/.gemini/antigravity-ide/scratch/smpit-almutaqin-presensi/vendor/laravel/framework/src/Illuminate/Foundation/Application.php(1242): Illuminate/Foundation/Console/Kernel->handle(Object(Symfony/Component/Console/Input/ArgvInput), Object(Symfony/Component/Console/Output/ConsoleOutput))
#30 C:/Users/Windows/.gemini/antigravity-ide/scratch/smpit-almutaqin-presensi/artisan(16): Illuminate/Foundation/Application->handleCommand(Object(Symfony/Component/Console/Input/ArgvInput))
#31 {main}

[previous exception] [object] (PDOException(code: 2002): SQLSTATE[HY000] [2002] No connection could be made because the target machine actively refused it at C:/Users/Windows/.gemini/antigravity-ide/scratch/smpit-almutaqin-presensi/vendor/laravel/framework/src/Illuminate/Database/Connectors/Connector.php:66)
[stacktrace]
#0 C:/Users/Windows/.gemini/antigravity-ide/scratch/smpit-almutaqin-presensi/vendor/laravel/framework/src/Illuminate/Database/Connectors/Connector.php(66): PDO->__construct('mysql:host=127....', 'root', Object(SensitiveParameterValue), Array)
#1 C:/Users/Windows/.gemini/antigravity-ide/scratch/smpit-almutaqin-presensi/vendor/laravel/framework/src/Illuminate/Database/Connectors/Connector.php(85): Illuminate/Database/Connectors/Connector->createPdoConnection('mysql:host=127....', 'root', Object(SensitiveParameterValue), Array)
#2 C:/Users/Windows/.gemini/antigravity-ide/scratch/smpit-almutaqin-presensi/vendor/laravel/framework/src/Illuminate/Database/Connectors/Connector.php(48): Illuminate/Database/Connectors/Connector->tryAgainIfCausedByLostConnection(Object(PDOException), 'mysql:host=127....', 'root', Object(SensitiveParameterValue), Array)
#3 C:/Users/Windows/.gemini/antigravity-ide/scratch/smpit-almutaqin-presensi/vendor/laravel/framework/src/Illuminate/Database/Connectors/MySqlConnector.php(24): Illuminate/Database/Connectors/Connector->createConnection('mysql:host=127....', Array, Array)
#4 C:/Users/Windows/.gemini/antigravity-ide/scratch/smpit-almutaqin-presensi/vendor/laravel/framework/src/Illuminate/Database/Connectors/ConnectionFactory.php(220): Illuminate/Database/Connectors/MySqlConnector->connect(Array)
#5 [internal function]: Illuminate/Database/Connectors/ConnectionFactory->Illuminate/Database/Connectors/{closure}()
#6 C:/Users/Windows/.gemini/antigravity-ide/scratch/smpit-almutaqin-presensi/vendor/laravel/framework/src/Illuminate/Database/Connection.php(1297): call_user_func(Object(Closure))
#7 C:/Users/Windows/.gemini/antigravity-ide/scratch/smpit-almutaqin-presensi/vendor/laravel/framework/src/Illuminate/Database/Connection.php(1335): Illuminate/Database/Connection->getPdo()
#8 C:/Users/Windows/.gemini/antigravity-ide/scratch/smpit-almutaqin-presensi/vendor/laravel/framework/src/Illuminate/Database/Connection.php(542): Illuminate/Database/Connection->getReadPdo()
#9 C:/Users/Windows/.gemini/antigravity-ide/scratch/smpit-almutaqin-presensi/vendor/laravel/framework/src/Illuminate/Database/Connection.php(435): Illuminate/Database/Connection->getPdoForSelect(true)
#10 C:/Users/Windows/.gemini/antigravity-ide/scratch/smpit-almutaqin-presensi/vendor/laravel/framework/src/Illuminate/Database/Connection.php(846): Illuminate/Database/Connection->Illuminate/Database/{closure}('select exists (...', Array)
#11 C:/Users/Windows/.gemini/antigravity-ide/scratch/smpit-almutaqin-presensi/vendor/laravel/framework/src/Illuminate/Database/Connection.php(1037): Illuminate/Database/Connection->runQueryCallback('select exists (...', Array, Object(Closure))
#12 C:/Users/Windows/.gemini/antigravity-ide/scratch/smpit-almutaqin-presensi/vendor/laravel/framework/src/Illuminate/Database/Connection.php(1016): Illuminate/Database/Connection->tryAgainIfCausedByLostConnection(Object(Illuminate/Database/QueryException), 'select exists (...', Array, Object(Closure))
#13 C:/Users/Windows/.gemini/antigravity-ide/scratch/smpit-almutaqin-presensi/vendor/laravel/framework/src/Illuminate/Database/Connection.php(815): Illuminate/Database/Connection->handleQueryException(Object(Illuminate/Database/QueryException), 'select exists (...', Array, Object(Closure))
#14 C:/Users/Windows/.gemini/antigravity-ide/scratch/smpit-almutaqin-presensi/vendor/laravel/framework/src/Illuminate/Database/Connection.php(426): Illuminate/Database/Connection->run('select exists (...', Array, Object(Closure))
#15 C:/Users/Windows/.gemini/antigravity-ide/scratch/smpit-almutaqin-presensi/vendor/laravel/framework/src/Illuminate/Database/Connection.php(371): Illuminate/Database/Connection->select('select exists (...', Array, true)
#16 C:/Users/Windows/.gemini/antigravity-ide/scratch/smpit-almutaqin-presensi/vendor/laravel/framework/src/Illuminate/Database/Connection.php(388): Illuminate/Database/Connection->selectOne('select exists (...', Array, true)
#17 C:/Users/Windows/.gemini/antigravity-ide/scratch/smpit-almutaqin-presensi/vendor/laravel/framework/src/Illuminate/Database/Schema/Builder.php(176): Illuminate/Database/Connection->scalar('select exists (...')
#18 C:/Users/Windows/.gemini/antigravity-ide/scratch/smpit-almutaqin-presensi/vendor/laravel/framework/src/Illuminate/Database/Migrations/DatabaseMigrationRepository.php(185): Illuminate/Database/Schema/Builder->hasTable('migrations')
#19 C:/Users/Windows/.gemini/antigravity-ide/scratch/smpit-almutaqin-presensi/vendor/laravel/framework/src/Illuminate/Database/Migrations/Migrator.php(797): Illuminate/Database/Migrations/DatabaseMigrationRepository->repositoryExists()
#20 C:/Users/Windows/.gemini/antigravity-ide/scratch/smpit-almutaqin-presensi/vendor/laravel/framework/src/Illuminate/Database/Console/Migrations/MigrateCommand.php(166): Illuminate/Database/Migrations/Migrator->repositoryExists()
#21 C:/Users/Windows/.gemini/antigravity-ide/scratch/smpit-almutaqin-presensi/vendor/laravel/framework/src/Illuminate/Support/helpers.php(328): Illuminate/Database/Console/Migrations/MigrateCommand->Illuminate/Database/Console/Migrations/{closure}(1)
#22 C:/Users/Windows/.gemini/antigravity-ide/scratch/smpit-almutaqin-presensi/vendor/laravel/framework/src/Illuminate/Database/Console/Migrations/MigrateCommand.php(166): retry(1, Object(Closure), 0, Object(Closure))
#23 C:/Users/Windows/.gemini/antigravity-ide/scratch/smpit-almutaqin-presensi/vendor/laravel/framework/src/Illuminate/Database/Console/Migrations/MigrateCommand.php(142): Illuminate/Database/Console/Migrations/MigrateCommand->repositoryExists()
#24 C:/Users/Windows/.gemini/antigravity-ide/scratch/smpit-almutaqin-presensi/vendor/laravel/framework/src/Illuminate/Database/Console/Migrations/MigrateCommand.php(112): Illuminate/Database/Console/Migrations/MigrateCommand->prepareDatabase()
#25 C:/Users/Windows/.gemini/antigravity-ide/scratch/smpit-almutaqin-presensi/vendor/laravel/framework/src/Illuminate/Database/Migrations/Migrator.php(672): Illuminate/Database/Console/Migrations/MigrateCommand->Illuminate/Database/Console/Migrations/{closure}()
#26 C:/Users/Windows/.gemini/antigravity-ide/scratch/smpit-almutaqin-presensi/vendor/laravel/framework/src/Illuminate/Database/Console/Migrations/MigrateCommand.php(111): Illuminate/Database/Migrations/Migrator->usingConnection(NULL, Object(Closure))
#27 C:/Users/Windows/.gemini/antigravity-ide/scratch/smpit-almutaqin-presensi/vendor/laravel/framework/src/Illuminate/Database/Console/Migrations/MigrateCommand.php(90): Illuminate/Database/Console/Migrations/MigrateCommand->runMigrations()
#28 C:/Users/Windows/.gemini/antigravity-ide/scratch/smpit-almutaqin-presensi/vendor/laravel/framework/src/Illuminate/Container/BoundMethod.php(36): Illuminate/Database/Console/Migrations/MigrateCommand->handle()
#29 C:/Users/Windows/.gemini/antigravity-ide/scratch/smpit-almutaqin-presensi/vendor/laravel/framework/src/Illuminate/Container/Util.php(43): Illuminate/Container/BoundMethod::Illuminate/Container/{closure}()
#30 C:/Users/Windows/.gemini/antigravity-ide/scratch/smpit-almutaqin-presensi/vendor/laravel/framework/src/Illuminate/Container/BoundMethod.php(96): Illuminate/Container/Util::unwrapIfClosure(Object(Closure))
#31 C:/Users/Windows/.gemini/antigravity-ide/scratch/smpit-almutaqin-presensi/vendor/laravel/framework/src/Illuminate/Container/BoundMethod.php(35): Illuminate/Container/BoundMethod::callBoundMethod(Object(Illuminate/Foundation/Application), Array, Object(Closure))
#32 C:/Users/Windows/.gemini/antigravity-ide/scratch/smpit-almutaqin-presensi/vendor/laravel/framework/src/Illuminate/Container/Container.php(800): Illuminate/Container/BoundMethod::call(Object(Illuminate/Foundation/Application), Array, Array, NULL)
#33 C:/Users/Windows/.gemini/antigravity-ide/scratch/smpit-almutaqin-presensi/vendor/laravel/framework/src/Illuminate/Console/Command.php(280): Illuminate/Container/Container->call(Array)
#34 C:/Users/Windows/.gemini/antigravity-ide/scratch/smpit-almutaqin-presensi/vendor/symfony/console/Command/Command.php(341): Illuminate/Console/Command->execute(Object(Symfony/Component/Console/Input/ArgvInput), Object(Laravel/Pao/Laravel/PaoOutputStyle))
#35 C:/Users/Windows/.gemini/antigravity-ide/scratch/smpit-almutaqin-presensi/vendor/laravel/framework/src/Illuminate/Console/Command.php(249): Symfony/Component/Console/Command/Command->run(Object(Symfony/Component/Console/Input/ArgvInput), Object(Laravel/Pao/Laravel/PaoOutputStyle))
#36 C:/Users/Windows/.gemini/antigravity-ide/scratch/smpit-almutaqin-presensi/vendor/symfony/console/Application.php(1117): Illuminate/Console/Command->run(Object(Symfony/Component/Console/Input/ArgvInput), Object(Symfony/Component/Console/Output/ConsoleOutput))
#37 C:/Users/Windows/.gemini/antigravity-ide/scratch/smpit-almutaqin-presensi/vendor/symfony/console/Application.php(356): Symfony/Component/Console/Application->doRunCommand(Object(Illuminate/Database/Console/Migrations/MigrateCommand), Object(Symfony/Component/Console/Input/ArgvInput), Object(Symfony/Component/Console/Output/ConsoleOutput))
#38 C:/Users/Windows/.gemini/antigravity-ide/scratch/smpit-almutaqin-presensi/vendor/symfony/console/Application.php(195): Symfony/Component/Console/Application->doRun(Object(Symfony/Component/Console/Input/ArgvInput), Object(Symfony/Component/Console/Output/ConsoleOutput))
#39 C:/Users/Windows/.gemini/antigravity-ide/scratch/smpit-almutaqin-presensi/vendor/laravel/framework/src/Illuminate/Foundation/Console/Kernel.php(198): Symfony/Component/Console/Application->run(Object(Symfony/Component/Console/Input/ArgvInput), Object(Symfony/Component/Console/Output/ConsoleOutput))
#40 C:/Users/Windows/.gemini/antigravity-ide/scratch/smpit-almutaqin-presensi/vendor/laravel/framework/src/Illuminate/Foundation/Application.php(1242): Illuminate/Foundation/Console/Kernel->handle(Object(Symfony/Component/Console/Input/ArgvInput), Object(Symfony/Component/Console/Output/ConsoleOutput))
#41 C:/Users/Windows/.gemini/antigravity-ide/scratch/smpit-almutaqin-presensi/artisan(16): Illuminate/Foundation/Application->handleCommand(Object(Symfony/Component/Console/Input/ArgvInput))
#42 {main}
"} 
[2026-08-12 19:12:30] local.ERROR: SQLSTATE[23000]: Integrity constraint violation: 19 UNIQUE constraint failed: gurus.nip (Connection: sqlite, Database: C:\Users\Windows\.gemini\antigravity-ide\scratch\smpit-almutaqin-presensi\database\database.sqlite, SQL: insert into "gurus" ("user_id", "nip", "nama", "no_hp", "alamat", "updated_at", "created_at") values (4, 198501012010011001, Ustadz Ahmad, S.Pd, 081234567890, Tasikmalaya, 2026-08-12 19:12:30, 2026-08-12 19:12:30)) {"exception":"[object] (Illuminate\\Database\\UniqueConstraintViolationException(code: 23000): SQLSTATE[23000]: Integrity constraint violation: 19 UNIQUE constraint failed: gurus.nip (Connection: sqlite, Database: C:\\Users\\Windows\\.gemini\\antigravity-ide\\scratch\\smpit-almutaqin-presensi\\database\\database.sqlite, SQL: insert into \"gurus\" (\"user_id\", \"nip\", \"nama\", \"no_hp\", \"alamat\", \"updated_at\", \"created_at\") values (4, 198501012010011001, Ustadz Ahmad, S.Pd, 081234567890, Tasikmalaya, 2026-08-12 19:12:30, 2026-08-12 19:12:30)) at C:/Users/Windows/.gemini/antigravity-ide/scratch/smpit-almutaqin-presensi/vendor/laravel/framework/src/Illuminate/Database/Connection.php:857)
[stacktrace]
#0 C:/Users/Windows/.gemini/antigravity-ide/scratch/smpit-almutaqin-presensi/vendor/laravel/framework/src/Illuminate/Database/Connection.php(813): Illuminate/Database/Connection->runQueryCallback('insert into \"gu...', Array, Object(Closure))
#1 C:/Users/Windows/.gemini/antigravity-ide/scratch/smpit-almutaqin-presensi/vendor/laravel/framework/src/Illuminate/Database/Connection.php(590): Illuminate/Database/Connection->run('insert into \"gu...', Array, Object(Closure))
#2 C:/Users/Windows/.gemini/antigravity-ide/scratch/smpit-almutaqin-presensi/vendor/laravel/framework/src/Illuminate/Database/Connection.php(554): Illuminate/Database/Connection->statement('insert into \"gu...', Array)
#3 C:/Users/Windows/.gemini/antigravity-ide/scratch/smpit-almutaqin-presensi/vendor/laravel/framework/src/Illuminate/Database/Query/Processors/Processor.php(32): Illuminate/Database/Connection->insert('insert into \"gu...', Array)
#4 C:/Users/Windows/.gemini/antigravity-ide/scratch/smpit-almutaqin-presensi/vendor/laravel/framework/src/Illuminate/Database/Query/Builder.php(4258): Illuminate/Database/Query/Processors/Processor->processInsertGetId(Object(Illuminate/Database/Query/Builder), 'insert into \"gu...', Array, 'id')
#5 C:/Users/Windows/.gemini/antigravity-ide/scratch/smpit-almutaqin-presensi/vendor/laravel/framework/src/Illuminate/Database/Eloquent/Builder.php(2271): Illuminate/Database/Query/Builder->insertGetId(Array, 'id')
#6 C:/Users/Windows/.gemini/antigravity-ide/scratch/smpit-almutaqin-presensi/vendor/laravel/framework/src/Illuminate/Database/Eloquent/Model.php(1685): Illuminate/Database/Eloquent/Builder->__call('insertGetId', Array)
#7 C:/Users/Windows/.gemini/antigravity-ide/scratch/smpit-almutaqin-presensi/vendor/laravel/framework/src/Illuminate/Database/Eloquent/Model.php(1601): Illuminate/Database/Eloquent/Model->insertAndSetId(Object(Illuminate/Database/Eloquent/Builder), Array)
#8 C:/Users/Windows/.gemini/antigravity-ide/scratch/smpit-almutaqin-presensi/vendor/laravel/framework/src/Illuminate/Database/Eloquent/Model.php(1405): Illuminate/Database/Eloquent/Model->performInsert(Object(Illuminate/Database/Eloquent/Builder))
#9 C:/Users/Windows/.gemini/antigravity-ide/scratch/smpit-almutaqin-presensi/vendor/laravel/framework/src/Illuminate/Database/Eloquent/Builder.php(1225): Illuminate/Database/Eloquent/Model->save()
#10 C:/Users/Windows/.gemini/antigravity-ide/scratch/smpit-almutaqin-presensi/vendor/laravel/framework/src/Illuminate/Support/helpers.php(393): Illuminate/Database/Eloquent/Builder->Illuminate/Database/Eloquent/{closure}(Object(App/Models/Guru))
#11 C:/Users/Windows/.gemini/antigravity-ide/scratch/smpit-almutaqin-presensi/vendor/laravel/framework/src/Illuminate/Database/Eloquent/Builder.php(1224): tap(Object(App/Models/Guru), Object(Closure))
#12 C:/Users/Windows/.gemini/antigravity-ide/scratch/smpit-almutaqin-presensi/vendor/laravel/framework/src/Illuminate/Support/Traits/ForwardsCalls.php(23): Illuminate/Database/Eloquent/Builder->create(Array)
#13 C:/Users/Windows/.gemini/antigravity-ide/scratch/smpit-almutaqin-presensi/vendor/laravel/framework/src/Illuminate/Database/Eloquent/Model.php(2842): Illuminate/Database/Eloquent/Model->forwardCallTo(Object(Illuminate/Database/Eloquent/Builder), 'create', Array)
#14 C:/Users/Windows/.gemini/antigravity-ide/scratch/smpit-almutaqin-presensi/vendor/laravel/framework/src/Illuminate/Database/Eloquent/Model.php(2858): Illuminate/Database/Eloquent/Model->__call('create', Array)
#15 C:/Users/Windows/.gemini/antigravity-ide/scratch/smpit-almutaqin-presensi/database/seeders/DatabaseSeeder.php(35): Illuminate/Database/Eloquent/Model::__callStatic('create', Array)
#16 C:/Users/Windows/.gemini/antigravity-ide/scratch/smpit-almutaqin-presensi/vendor/laravel/framework/src/Illuminate/Container/BoundMethod.php(36): Database/Seeders/DatabaseSeeder->run()
#17 C:/Users/Windows/.gemini/antigravity-ide/scratch/smpit-almutaqin-presensi/vendor/laravel/framework/src/Illuminate/Container/Util.php(43): Illuminate/Container/BoundMethod::Illuminate/Container/{closure}()
#18 C:/Users/Windows/.gemini/antigravity-ide/scratch/smpit-almutaqin-presensi/vendor/laravel/framework/src/Illuminate/Container/BoundMethod.php(96): Illuminate/Container/Util::unwrapIfClosure(Object(Closure))
#19 C:/Users/Windows/.gemini/antigravity-ide/scratch/smpit-almutaqin-presensi/vendor/laravel/framework/src/Illuminate/Container/BoundMethod.php(35): Illuminate/Container/BoundMethod::callBoundMethod(Object(Illuminate/Foundation/Application), Array, Object(Closure))
#20 C:/Users/Windows/.gemini/antigravity-ide/scratch/smpit-almutaqin-presensi/vendor/laravel/framework/src/Illuminate/Container/Container.php(800): Illuminate/Container/BoundMethod::call(Object(Illuminate/Foundation/Application), Array, Array, NULL)
#21 C:/Users/Windows/.gemini/antigravity-ide/scratch/smpit-almutaqin-presensi/vendor/laravel/framework/src/Illuminate/Database/Seeder.php(184): Illuminate/Container/Container->call(Array, Array)
#22 C:/Users/Windows/.gemini/antigravity-ide/scratch/smpit-almutaqin-presensi/vendor/laravel/framework/src/Illuminate/Database/Seeder.php(191): Illuminate/Database/Seeder->Illuminate/Database/{closure}()
#23 C:/Users/Windows/.gemini/antigravity-ide/scratch/smpit-almutaqin-presensi/vendor/laravel/framework/src/Illuminate/Database/Console/Seeds/SeedCommand.php(71): Illuminate/Database/Seeder->__invoke()
#24 C:/Users/Windows/.gemini/antigravity-ide/scratch/smpit-almutaqin-presensi/vendor/laravel/framework/src/Illuminate/Database/Eloquent/Concerns/GuardsAttributes.php(185): Illuminate/Database/Console/Seeds/SeedCommand->Illuminate/Database/Console/Seeds/{closure}()
#25 C:/Users/Windows/.gemini/antigravity-ide/scratch/smpit-almutaqin-presensi/vendor/laravel/framework/src/Illuminate/Database/Console/Seeds/SeedCommand.php(70): Illuminate/Database/Eloquent/Model::unguarded(Object(Closure))
#26 C:/Users/Windows/.gemini/antigravity-ide/scratch/smpit-almutaqin-presensi/vendor/laravel/framework/src/Illuminate/Container/BoundMethod.php(36): Illuminate/Database/Console/Seeds/SeedCommand->handle()
#27 C:/Users/Windows/.gemini/antigravity-ide/scratch/smpit-almutaqin-presensi/vendor/laravel/framework/src/Illuminate/Container/Util.php(43): Illuminate/Container/BoundMethod::Illuminate/Container/{closure}()
#28 C:/Users/Windows/.gemini/antigravity-ide/scratch/smpit-almutaqin-presensi/vendor/laravel/framework/src/Illuminate/Container/BoundMethod.php(96): Illuminate/Container/Util::unwrapIfClosure(Object(Closure))
#29 C:/Users/Windows/.gemini/antigravity-ide/scratch/smpit-almutaqin-presensi/vendor/laravel/framework/src/Illuminate/Container/BoundMethod.php(35): Illuminate/Container/BoundMethod::callBoundMethod(Object(Illuminate/Foundation/Application), Array, Object(Closure))
#30 C:/Users/Windows/.gemini/antigravity-ide/scratch/smpit-almutaqin-presensi/vendor/laravel/framework/src/Illuminate/Container/Container.php(800): Illuminate/Container/BoundMethod::call(Object(Illuminate/Foundation/Application), Array, Array, NULL)
#31 C:/Users/Windows/.gemini/antigravity-ide/scratch/smpit-almutaqin-presensi/vendor/laravel/framework/src/Illuminate/Console/Command.php(280): Illuminate/Container/Container->call(Array)
#32 C:/Users/Windows/.gemini/antigravity-ide/scratch/smpit-almutaqin-presensi/vendor/symfony/console/Command/Command.php(341): Illuminate/Console/Command->execute(Object(Symfony/Component/Console/Input/ArgvInput), Object(Laravel/Pao/Laravel/PaoOutputStyle))
#33 C:/Users/Windows/.gemini/antigravity-ide/scratch/smpit-almutaqin-presensi/vendor/laravel/framework/src/Illuminate/Console/Command.php(249): Symfony/Component/Console/Command/Command->run(Object(Symfony/Component/Console/Input/ArgvInput), Object(Laravel/Pao/Laravel/PaoOutputStyle))
#34 C:/Users/Windows/.gemini/antigravity-ide/scratch/smpit-almutaqin-presensi/vendor/symfony/console/Application.php(1117): Illuminate/Console/Command->run(Object(Symfony/Component/Console/Input/ArgvInput), Object(Symfony/Component/Console/Output/ConsoleOutput))
#35 C:/Users/Windows/.gemini/antigravity-ide/scratch/smpit-almutaqin-presensi/vendor/symfony/console/Application.php(356): Symfony/Component/Console/Application->doRunCommand(Object(Illuminate/Database/Console/Seeds/SeedCommand), Object(Symfony/Component/Console/Input/ArgvInput), Object(Symfony/Component/Console/Output/ConsoleOutput))
#36 C:/Users/Windows/.gemini/antigravity-ide/scratch/smpit-almutaqin-presensi/vendor/symfony/console/Application.php(195): Symfony/Component/Console/Application->doRun(Object(Symfony/Component/Console/Input/ArgvInput), Object(Symfony/Component/Console/Output/ConsoleOutput))
#37 C:/Users/Windows/.gemini/antigravity-ide/scratch/smpit-almutaqin-presensi/vendor/laravel/framework/src/Illuminate/Foundation/Console/Kernel.php(198): Symfony/Component/Console/Application->run(Object(Symfony/Component/Console/Input/ArgvInput), Object(Symfony/Component/Console/Output/ConsoleOutput))
#38 C:/Users/Windows/.gemini/antigravity-ide/scratch/smpit-almutaqin-presensi/vendor/laravel/framework/src/Illuminate/Foundation/Application.php(1242): Illuminate/Foundation/Console/Kernel->handle(Object(Symfony/Component/Console/Input/ArgvInput), Object(Symfony/Component/Console/Output/ConsoleOutput))
#39 C:/Users/Windows/.gemini/antigravity-ide/scratch/smpit-almutaqin-presensi/artisan(16): Illuminate/Foundation/Application->handleCommand(Object(Symfony/Component/Console/Input/ArgvInput))
#40 {main}

[previous exception] [object] (PDOException(code: 23000): SQLSTATE[23000]: Integrity constraint violation: 19 UNIQUE constraint failed: gurus.nip at C:/Users/Windows/.gemini/antigravity-ide/scratch/smpit-almutaqin-presensi/vendor/laravel/framework/src/Illuminate/Database/Connection.php:601)
[stacktrace]
#0 C:/Users/Windows/.gemini/antigravity-ide/scratch/smpit-almutaqin-presensi/vendor/laravel/framework/src/Illuminate/Database/Connection.php(601): PDOStatement->execute()
#1 C:/Users/Windows/.gemini/antigravity-ide/scratch/smpit-almutaqin-presensi/vendor/laravel/framework/src/Illuminate/Database/Connection.php(846): Illuminate/Database/Connection->Illuminate/Database/{closure}('insert into \"gu...', Array)
#2 C:/Users/Windows/.gemini/antigravity-ide/scratch/smpit-almutaqin-presensi/vendor/laravel/framework/src/Illuminate/Database/Connection.php(813): Illuminate/Database/Connection->runQueryCallback('insert into \"gu...', Array, Object(Closure))
#3 C:/Users/Windows/.gemini/antigravity-ide/scratch/smpit-almutaqin-presensi/vendor/laravel/framework/src/Illuminate/Database/Connection.php(590): Illuminate/Database/Connection->run('insert into \"gu...', Array, Object(Closure))
#4 C:/Users/Windows/.gemini/antigravity-ide/scratch/smpit-almutaqin-presensi/vendor/laravel/framework/src/Illuminate/Database/Connection.php(554): Illuminate/Database/Connection->statement('insert into \"gu...', Array)
#5 C:/Users/Windows/.gemini/antigravity-ide/scratch/smpit-almutaqin-presensi/vendor/laravel/framework/src/Illuminate/Database/Query/Processors/Processor.php(32): Illuminate/Database/Connection->insert('insert into \"gu...', Array)
#6 C:/Users/Windows/.gemini/antigravity-ide/scratch/smpit-almutaqin-presensi/vendor/laravel/framework/src/Illuminate/Database/Query/Builder.php(4258): Illuminate/Database/Query/Processors/Processor->processInsertGetId(Object(Illuminate/Database/Query/Builder), 'insert into \"gu...', Array, 'id')
#7 C:/Users/Windows/.gemini/antigravity-ide/scratch/smpit-almutaqin-presensi/vendor/laravel/framework/src/Illuminate/Database/Eloquent/Builder.php(2271): Illuminate/Database/Query/Builder->insertGetId(Array, 'id')
#8 C:/Users/Windows/.gemini/antigravity-ide/scratch/smpit-almutaqin-presensi/vendor/laravel/framework/src/Illuminate/Database/Eloquent/Model.php(1685): Illuminate/Database/Eloquent/Builder->__call('insertGetId', Array)
#9 C:/Users/Windows/.gemini/antigravity-ide/scratch/smpit-almutaqin-presensi/vendor/laravel/framework/src/Illuminate/Database/Eloquent/Model.php(1601): Illuminate/Database/Eloquent/Model->insertAndSetId(Object(Illuminate/Database/Eloquent/Builder), Array)
#10 C:/Users/Windows/.gemini/antigravity-ide/scratch/smpit-almutaqin-presensi/vendor/laravel/framework/src/Illuminate/Database/Eloquent/Model.php(1405): Illuminate/Database/Eloquent/Model->performInsert(Object(Illuminate/Database/Eloquent/Builder))
#11 C:/Users/Windows/.gemini/antigravity-ide/scratch/smpit-almutaqin-presensi/vendor/laravel/framework/src/Illuminate/Database/Eloquent/Builder.php(1225): Illuminate/Database/Eloquent/Model->save()
#12 C:/Users/Windows/.gemini/antigravity-ide/scratch/smpit-almutaqin-presensi/vendor/laravel/framework/src/Illuminate/Support/helpers.php(393): Illuminate/Database/Eloquent/Builder->Illuminate/Database/Eloquent/{closure}(Object(App/Models/Guru))
#13 C:/Users/Windows/.gemini/antigravity-ide/scratch/smpit-almutaqin-presensi/vendor/laravel/framework/src/Illuminate/Database/Eloquent/Builder.php(1224): tap(Object(App/Models/Guru), Object(Closure))
#14 C:/Users/Windows/.gemini/antigravity-ide/scratch/smpit-almutaqin-presensi/vendor/laravel/framework/src/Illuminate/Support/Traits/ForwardsCalls.php(23): Illuminate/Database/Eloquent/Builder->create(Array)
#15 C:/Users/Windows/.gemini/antigravity-ide/scratch/smpit-almutaqin-presensi/vendor/laravel/framework/src/Illuminate/Database/Eloquent/Model.php(2842): Illuminate/Database/Eloquent/Model->forwardCallTo(Object(Illuminate/Database/Eloquent/Builder), 'create', Array)
#16 C:/Users/Windows/.gemini/antigravity-ide/scratch/smpit-almutaqin-presensi/vendor/laravel/framework/src/Illuminate/Database/Eloquent/Model.php(2858): Illuminate/Database/Eloquent/Model->__call('create', Array)
#17 C:/Users/Windows/.gemini/antigravity-ide/scratch/smpit-almutaqin-presensi/database/seeders/DatabaseSeeder.php(35): Illuminate/Database/Eloquent/Model::__callStatic('create', Array)
#18 C:/Users/Windows/.gemini/antigravity-ide/scratch/smpit-almutaqin-presensi/vendor/laravel/framework/src/Illuminate/Container/BoundMethod.php(36): Database/Seeders/DatabaseSeeder->run()
#19 C:/Users/Windows/.gemini/antigravity-ide/scratch/smpit-almutaqin-presensi/vendor/laravel/framework/src/Illuminate/Container/Util.php(43): Illuminate/Container/BoundMethod::Illuminate/Container/{closure}()
#20 C:/Users/Windows/.gemini/antigravity-ide/scratch/smpit-almutaqin-presensi/vendor/laravel/framework/src/Illuminate/Container/BoundMethod.php(96): Illuminate/Container/Util::unwrapIfClosure(Object(Closure))
#21 C:/Users/Windows/.gemini/antigravity-ide/scratch/smpit-almutaqin-presensi/vendor/laravel/framework/src/Illuminate/Container/BoundMethod.php(35): Illuminate/Container/BoundMethod::callBoundMethod(Object(Illuminate/Foundation/Application), Array, Object(Closure))
#22 C:/Users/Windows/.gemini/antigravity-ide/scratch/smpit-almutaqin-presensi/vendor/laravel/framework/src/Illuminate/Container/Container.php(800): Illuminate/Container/BoundMethod::call(Object(Illuminate/Foundation/Application), Array, Array, NULL)
#23 C:/Users/Windows/.gemini/antigravity-ide/scratch/smpit-almutaqin-presensi/vendor/laravel/framework/src/Illuminate/Database/Seeder.php(184): Illuminate/Container/Container->call(Array, Array)
#24 C:/Users/Windows/.gemini/antigravity-ide/scratch/smpit-almutaqin-presensi/vendor/laravel/framework/src/Illuminate/Database/Seeder.php(191): Illuminate/Database/Seeder->Illuminate/Database/{closure}()
#25 C:/Users/Windows/.gemini/antigravity-ide/scratch/smpit-almutaqin-presensi/vendor/laravel/framework/src/Illuminate/Database/Console/Seeds/SeedCommand.php(71): Illuminate/Database/Seeder->__invoke()
#26 C:/Users/Windows/.gemini/antigravity-ide/scratch/smpit-almutaqin-presensi/vendor/laravel/framework/src/Illuminate/Database/Eloquent/Concerns/GuardsAttributes.php(185): Illuminate/Database/Console/Seeds/SeedCommand->Illuminate/Database/Console/Seeds/{closure}()
#27 C:/Users/Windows/.gemini/antigravity-ide/scratch/smpit-almutaqin-presensi/vendor/laravel/framework/src/Illuminate/Database/Console/Seeds/SeedCommand.php(70): Illuminate/Database/Eloquent/Model::unguarded(Object(Closure))
#28 C:/Users/Windows/.gemini/antigravity-ide/scratch/smpit-almutaqin-presensi/vendor/laravel/framework/src/Illuminate/Container/BoundMethod.php(36): Illuminate/Database/Console/Seeds/SeedCommand->handle()
#29 C:/Users/Windows/.gemini/antigravity-ide/scratch/smpit-almutaqin-presensi/vendor/laravel/framework/src/Illuminate/Container/Util.php(43): Illuminate/Container/BoundMethod::Illuminate/Container/{closure}()
#30 C:/Users/Windows/.gemini/antigravity-ide/scratch/smpit-almutaqin-presensi/vendor/laravel/framework/src/Illuminate/Container/BoundMethod.php(96): Illuminate/Container/Util::unwrapIfClosure(Object(Closure))
#31 C:/Users/Windows/.gemini/antigravity-ide/scratch/smpit-almutaqin-presensi/vendor/laravel/framework/src/Illuminate/Container/BoundMethod.php(35): Illuminate/Container/BoundMethod::callBoundMethod(Object(Illuminate/Foundation/Application), Array, Object(Closure))
#32 C:/Users/Windows/.gemini/antigravity-ide/scratch/smpit-almutaqin-presensi/vendor/laravel/framework/src/Illuminate/Container/Container.php(800): Illuminate/Container/BoundMethod::call(Object(Illuminate/Foundation/Application), Array, Array, NULL)
#33 C:/Users/Windows/.gemini/antigravity-ide/scratch/smpit-almutaqin-presensi/vendor/laravel/framework/src/Illuminate/Console/Command.php(280): Illuminate/Container/Container->call(Array)
#34 C:/Users/Windows/.gemini/antigravity-ide/scratch/smpit-almutaqin-presensi/vendor/symfony/console/Command/Command.php(341): Illuminate/Console/Command->execute(Object(Symfony/Component/Console/Input/ArgvInput), Object(Laravel/Pao/Laravel/PaoOutputStyle))
#35 C:/Users/Windows/.gemini/antigravity-ide/scratch/smpit-almutaqin-presensi/vendor/laravel/framework/src/Illuminate/Console/Command.php(249): Symfony/Component/Console/Command/Command->run(Object(Symfony/Component/Console/Input/ArgvInput), Object(Laravel/Pao/Laravel/PaoOutputStyle))
#36 C:/Users/Windows/.gemini/antigravity-ide/scratch/smpit-almutaqin-presensi/vendor/symfony/console/Application.php(1117): Illuminate/Console/Command->run(Object(Symfony/Component/Console/Input/ArgvInput), Object(Symfony/Component/Console/Output/ConsoleOutput))
#37 C:/Users/Windows/.gemini/antigravity-ide/scratch/smpit-almutaqin-presensi/vendor/symfony/console/Application.php(356): Symfony/Component/Console/Application->doRunCommand(Object(Illuminate/Database/Console/Seeds/SeedCommand), Object(Symfony/Component/Console/Input/ArgvInput), Object(Symfony/Component/Console/Output/ConsoleOutput))
#38 C:/Users/Windows/.gemini/antigravity-ide/scratch/smpit-almutaqin-presensi/vendor/symfony/console/Application.php(195): Symfony/Component/Console/Application->doRun(Object(Symfony/Component/Console/Input/ArgvInput), Object(Symfony/Component/Console/Output/ConsoleOutput))
#39 C:/Users/Windows/.gemini/antigravity-ide/scratch/smpit-almutaqin-presensi/vendor/laravel/framework/src/Illuminate/Foundation/Console/Kernel.php(198): Symfony/Component/Console/Application->run(Object(Symfony/Component/Console/Input/ArgvInput), Object(Symfony/Component/Console/Output/ConsoleOutput))
#40 C:/Users/Windows/.gemini/antigravity-ide/scratch/smpit-almutaqin-presensi/vendor/laravel/framework/src/Illuminate/Foundation/Application.php(1242): Illuminate/Foundation/Console/Kernel->handle(Object(Symfony/Component/Console/Input/ArgvInput), Object(Symfony/Component/Console/Output/ConsoleOutput))
#41 C:/Users/Windows/.gemini/antigravity-ide/scratch/smpit-almutaqin-presensi/artisan(16): Illuminate/Foundation/Application->handleCommand(Object(Symfony/Component/Console/Input/ArgvInput))
#42 {main}
"} 
[2026-08-12 19:12:58] local.ERROR: SQLSTATE[HY000]: General error: 1 no such table: cache (Connection: sqlite, Database: C:\Users\Windows\.gemini\antigravity-ide\scratch\smpit-almutaqin-presensi\database\database.sqlite, SQL: select * from "cache" where "key" in (laravel-cache-illuminate:queue:restart)) {"exception":"[object] (Illuminate\\Database\\QueryException(code: HY000): SQLSTATE[HY000]: General error: 1 no such table: cache (Connection: sqlite, Database: C:\\Users\\Windows\\.gemini\\antigravity-ide\\scratch\\smpit-almutaqin-presensi\\database\\database.sqlite, SQL: select * from \"cache\" where \"key\" in (laravel-cache-illuminate:queue:restart)) at C:/Users/Windows/.gemini/antigravity-ide/scratch/smpit-almutaqin-presensi/vendor/laravel/framework/src/Illuminate/Database/Connection.php:857)
[stacktrace]
#0 C:/Users/Windows/.gemini/antigravity-ide/scratch/smpit-almutaqin-presensi/vendor/laravel/framework/src/Illuminate/Database/Connection.php(813): Illuminate/Database/Connection->runQueryCallback('select * from \"...', Array, Object(Closure))
#1 C:/Users/Windows/.gemini/antigravity-ide/scratch/smpit-almutaqin-presensi/vendor/laravel/framework/src/Illuminate/Database/Connection.php(426): Illuminate/Database/Connection->run('select * from \"...', Array, Object(Closure))
#2 C:/Users/Windows/.gemini/antigravity-ide/scratch/smpit-almutaqin-presensi/vendor/laravel/framework/src/Illuminate/Database/Query/Builder.php(3574): Illuminate/Database/Connection->select('select * from \"...', Array, true, Array)
#3 C:/Users/Windows/.gemini/antigravity-ide/scratch/smpit-almutaqin-presensi/vendor/laravel/framework/src/Illuminate/Database/Query/Builder.php(3558): Illuminate/Database/Query/Builder->runSelect()
#4 C:/Users/Windows/.gemini/antigravity-ide/scratch/smpit-almutaqin-presensi/vendor/laravel/framework/src/Illuminate/Cache/DatabaseStore.php(142): Illuminate/Database/Query/Builder->get()
#5 C:/Users/Windows/.gemini/antigravity-ide/scratch/smpit-almutaqin-presensi/vendor/laravel/framework/src/Illuminate/Cache/DatabaseStore.php(117): Illuminate/Cache/DatabaseStore->many(Array)
#6 C:/Users/Windows/.gemini/antigravity-ide/scratch/smpit-almutaqin-presensi/vendor/laravel/framework/src/Illuminate/Cache/Repository.php(138): Illuminate/Cache/DatabaseStore->get('illuminate:queu...')
#7 C:/Users/Windows/.gemini/antigravity-ide/scratch/smpit-almutaqin-presensi/vendor/laravel/framework/src/Illuminate/Queue/Worker.php(874): Illuminate/Cache/Repository->get('illuminate:queu...')
#8 C:/Users/Windows/.gemini/antigravity-ide/scratch/smpit-almutaqin-presensi/vendor/laravel/framework/src/Illuminate/Queue/Worker.php(859): Illuminate/Queue/Worker->getTimestampOfLastQueueRestart()
#9 C:/Users/Windows/.gemini/antigravity-ide/scratch/smpit-almutaqin-presensi/vendor/laravel/framework/src/Illuminate/Queue/Worker.php(391): Illuminate/Queue/Worker->queueShouldRestart(NULL)
#10 C:/Users/Windows/.gemini/antigravity-ide/scratch/smpit-almutaqin-presensi/vendor/laravel/framework/src/Illuminate/Queue/Worker.php(277): Illuminate/Queue/Worker->stopIfNecessary(Object(Illuminate/Queue/WorkerOptions), NULL, 2528429.2266356, NULL)
#11 C:/Users/Windows/.gemini/antigravity-ide/scratch/smpit-almutaqin-presensi/vendor/laravel/framework/src/Illuminate/Queue/Console/WorkCommand.php(149): Illuminate/Queue/Worker->daemon('database', 'default', Object(Illuminate/Queue/WorkerOptions))
#12 C:/Users/Windows/.gemini/antigravity-ide/scratch/smpit-almutaqin-presensi/vendor/laravel/framework/src/Illuminate/Queue/Console/WorkCommand.php(132): Illuminate/Queue/Console/WorkCommand->runWorker('database', 'default')
#13 C:/Users/Windows/.gemini/antigravity-ide/scratch/smpit-almutaqin-presensi/vendor/laravel/framework/src/Illuminate/Container/BoundMethod.php(36): Illuminate/Queue/Console/WorkCommand->handle()
#14 C:/Users/Windows/.gemini/antigravity-ide/scratch/smpit-almutaqin-presensi/vendor/laravel/framework/src/Illuminate/Container/Util.php(43): Illuminate/Container/BoundMethod::Illuminate/Container/{closure}()
#15 C:/Users/Windows/.gemini/antigravity-ide/scratch/smpit-almutaqin-presensi/vendor/laravel/framework/src/Illuminate/Container/BoundMethod.php(96): Illuminate/Container/Util::unwrapIfClosure(Object(Closure))
#16 C:/Users/Windows/.gemini/antigravity-ide/scratch/smpit-almutaqin-presensi/vendor/laravel/framework/src/Illuminate/Container/BoundMethod.php(35): Illuminate/Container/BoundMethod::callBoundMethod(Object(Illuminate/Foundation/Application), Array, Object(Closure))
#17 C:/Users/Windows/.gemini/antigravity-ide/scratch/smpit-almutaqin-presensi/vendor/laravel/framework/src/Illuminate/Container/Container.php(800): Illuminate/Container/BoundMethod::call(Object(Illuminate/Foundation/Application), Array, Array, NULL)
#18 C:/Users/Windows/.gemini/antigravity-ide/scratch/smpit-almutaqin-presensi/vendor/laravel/framework/src/Illuminate/Console/Command.php(280): Illuminate/Container/Container->call(Array)
#19 C:/Users/Windows/.gemini/antigravity-ide/scratch/smpit-almutaqin-presensi/vendor/symfony/console/Command/Command.php(341): Illuminate/Console/Command->execute(Object(Symfony/Component/Console/Input/ArgvInput), Object(Illuminate/Console/OutputStyle))
#20 C:/Users/Windows/.gemini/antigravity-ide/scratch/smpit-almutaqin-presensi/vendor/laravel/framework/src/Illuminate/Console/Command.php(249): Symfony/Component/Console/Command/Command->run(Object(Symfony/Component/Console/Input/ArgvInput), Object(Illuminate/Console/OutputStyle))
#21 C:/Users/Windows/.gemini/antigravity-ide/scratch/smpit-almutaqin-presensi/vendor/symfony/console/Application.php(1117): Illuminate/Console/Command->run(Object(Symfony/Component/Console/Input/ArgvInput), Object(Symfony/Component/Console/Output/ConsoleOutput))
#22 C:/Users/Windows/.gemini/antigravity-ide/scratch/smpit-almutaqin-presensi/vendor/symfony/console/Application.php(356): Symfony/Component/Console/Application->doRunCommand(Object(Illuminate/Queue/Console/WorkCommand), Object(Symfony/Component/Console/Input/ArgvInput), Object(Symfony/Component/Console/Output/ConsoleOutput))
#23 C:/Users/Windows/.gemini/antigravity-ide/scratch/smpit-almutaqin-presensi/vendor/symfony/console/Application.php(195): Symfony/Component/Console/Application->doRun(Object(Symfony/Component/Console/Input/ArgvInput), Object(Symfony/Component/Console/Output/ConsoleOutput))
#24 C:/Users/Windows/.gemini/antigravity-ide/scratch/smpit-almutaqin-presensi/vendor/laravel/framework/src/Illuminate/Foundation/Console/Kernel.php(198): Symfony/Component/Console/Application->run(Object(Symfony/Component/Console/Input/ArgvInput), Object(Symfony/Component/Console/Output/ConsoleOutput))
#25 C:/Users/Windows/.gemini/antigravity-ide/scratch/smpit-almutaqin-presensi/vendor/laravel/framework/src/Illuminate/Foundation/Application.php(1242): Illuminate/Foundation/Console/Kernel->handle(Object(Symfony/Component/Console/Input/ArgvInput), Object(Symfony/Component/Console/Output/ConsoleOutput))
#26 C:/Users/Windows/.gemini/antigravity-ide/scratch/smpit-almutaqin-presensi/artisan(16): Illuminate/Foundation/Application->handleCommand(Object(Symfony/Component/Console/Input/ArgvInput))
#27 {main}

[previous exception] [object] (PDOException(code: HY000): SQLSTATE[HY000]: General error: 1 no such table: cache at C:/Users/Windows/.gemini/antigravity-ide/scratch/smpit-almutaqin-presensi/vendor/laravel/framework/src/Illuminate/Database/Connection.php:440)
[stacktrace]
#0 C:/Users/Windows/.gemini/antigravity-ide/scratch/smpit-almutaqin-presensi/vendor/laravel/framework/src/Illuminate/Database/Connection.php(440): PDOStatement->execute()
#1 C:/Users/Windows/.gemini/antigravity-ide/scratch/smpit-almutaqin-presensi/vendor/laravel/framework/src/Illuminate/Database/Connection.php(846): Illuminate/Database/Connection->Illuminate/Database/{closure}('select * from \"...', Array)
#2 C:/Users/Windows/.gemini/antigravity-ide/scratch/smpit-almutaqin-presensi/vendor/laravel/framework/src/Illuminate/Database/Connection.php(813): Illuminate/Database/Connection->runQueryCallback('select * from \"...', Array, Object(Closure))
#3 C:/Users/Windows/.gemini/antigravity-ide/scratch/smpit-almutaqin-presensi/vendor/laravel/framework/src/Illuminate/Database/Connection.php(426): Illuminate/Database/Connection->run('select * from \"...', Array, Object(Closure))
#4 C:/Users/Windows/.gemini/antigravity-ide/scratch/smpit-almutaqin-presensi/vendor/laravel/framework/src/Illuminate/Database/Query/Builder.php(3574): Illuminate/Database/Connection->select('select * from \"...', Array, true, Array)
#5 C:/Users/Windows/.gemini/antigravity-ide/scratch/smpit-almutaqin-presensi/vendor/laravel/framework/src/Illuminate/Database/Query/Builder.php(3558): Illuminate/Database/Query/Builder->runSelect()
#6 C:/Users/Windows/.gemini/antigravity-ide/scratch/smpit-almutaqin-presensi/vendor/laravel/framework/src/Illuminate/Cache/DatabaseStore.php(142): Illuminate/Database/Query/Builder->get()
#7 C:/Users/Windows/.gemini/antigravity-ide/scratch/smpit-almutaqin-presensi/vendor/laravel/framework/src/Illuminate/Cache/DatabaseStore.php(117): Illuminate/Cache/DatabaseStore->many(Array)
#8 C:/Users/Windows/.gemini/antigravity-ide/scratch/smpit-almutaqin-presensi/vendor/laravel/framework/src/Illuminate/Cache/Repository.php(138): Illuminate/Cache/DatabaseStore->get('illuminate:queu...')
#9 C:/Users/Windows/.gemini/antigravity-ide/scratch/smpit-almutaqin-presensi/vendor/laravel/framework/src/Illuminate/Queue/Worker.php(874): Illuminate/Cache/Repository->get('illuminate:queu...')
#10 C:/Users/Windows/.gemini/antigravity-ide/scratch/smpit-almutaqin-presensi/vendor/laravel/framework/src/Illuminate/Queue/Worker.php(859): Illuminate/Queue/Worker->getTimestampOfLastQueueRestart()
#11 C:/Users/Windows/.gemini/antigravity-ide/scratch/smpit-almutaqin-presensi/vendor/laravel/framework/src/Illuminate/Queue/Worker.php(391): Illuminate/Queue/Worker->queueShouldRestart(NULL)
#12 C:/Users/Windows/.gemini/antigravity-ide/scratch/smpit-almutaqin-presensi/vendor/laravel/framework/src/Illuminate/Queue/Worker.php(277): Illuminate/Queue/Worker->stopIfNecessary(Object(Illuminate/Queue/WorkerOptions), NULL, 2528429.2266356, NULL)
#13 C:/Users/Windows/.gemini/antigravity-ide/scratch/smpit-almutaqin-presensi/vendor/laravel/framework/src/Illuminate/Queue/Console/WorkCommand.php(149): Illuminate/Queue/Worker->daemon('database', 'default', Object(Illuminate/Queue/WorkerOptions))
#14 C:/Users/Windows/.gemini/antigravity-ide/scratch/smpit-almutaqin-presensi/vendor/laravel/framework/src/Illuminate/Queue/Console/WorkCommand.php(132): Illuminate/Queue/Console/WorkCommand->runWorker('database', 'default')
#15 C:/Users/Windows/.gemini/antigravity-ide/scratch/smpit-almutaqin-presensi/vendor/laravel/framework/src/Illuminate/Container/BoundMethod.php(36): Illuminate/Queue/Console/WorkCommand->handle()
#16 C:/Users/Windows/.gemini/antigravity-ide/scratch/smpit-almutaqin-presensi/vendor/laravel/framework/src/Illuminate/Container/Util.php(43): Illuminate/Container/BoundMethod::Illuminate/Container/{closure}()
#17 C:/Users/Windows/.gemini/antigravity-ide/scratch/smpit-almutaqin-presensi/vendor/laravel/framework/src/Illuminate/Container/BoundMethod.php(96): Illuminate/Container/Util::unwrapIfClosure(Object(Closure))
#18 C:/Users/Windows/.gemini/antigravity-ide/scratch/smpit-almutaqin-presensi/vendor/laravel/framework/src/Illuminate/Container/BoundMethod.php(35): Illuminate/Container/BoundMethod::callBoundMethod(Object(Illuminate/Foundation/Application), Array, Object(Closure))
#19 C:/Users/Windows/.gemini/antigravity-ide/scratch/smpit-almutaqin-presensi/vendor/laravel/framework/src/Illuminate/Container/Container.php(800): Illuminate/Container/BoundMethod::call(Object(Illuminate/Foundation/Application), Array, Array, NULL)
#20 C:/Users/Windows/.gemini/antigravity-ide/scratch/smpit-almutaqin-presensi/vendor/laravel/framework/src/Illuminate/Console/Command.php(280): Illuminate/Container/Container->call(Array)
#21 C:/Users/Windows/.gemini/antigravity-ide/scratch/smpit-almutaqin-presensi/vendor/symfony/console/Command/Command.php(341): Illuminate/Console/Command->execute(Object(Symfony/Component/Console/Input/ArgvInput), Object(Illuminate/Console/OutputStyle))
#22 C:/Users/Windows/.gemini/antigravity-ide/scratch/smpit-almutaqin-presensi/vendor/laravel/framework/src/Illuminate/Console/Command.php(249): Symfony/Component/Console/Command/Command->run(Object(Symfony/Component/Console/Input/ArgvInput), Object(Illuminate/Console/OutputStyle))
#23 C:/Users/Windows/.gemini/antigravity-ide/scratch/smpit-almutaqin-presensi/vendor/symfony/console/Application.php(1117): Illuminate/Console/Command->run(Object(Symfony/Component/Console/Input/ArgvInput), Object(Symfony/Component/Console/Output/ConsoleOutput))
#24 C:/Users/Windows/.gemini/antigravity-ide/scratch/smpit-almutaqin-presensi/vendor/symfony/console/Application.php(356): Symfony/Component/Console/Application->doRunCommand(Object(Illuminate/Queue/Console/WorkCommand), Object(Symfony/Component/Console/Input/ArgvInput), Object(Symfony/Component/Console/Output/ConsoleOutput))
#25 C:/Users/Windows/.gemini/antigravity-ide/scratch/smpit-almutaqin-presensi/vendor/symfony/console/Application.php(195): Symfony/Component/Console/Application->doRun(Object(Symfony/Component/Console/Input/ArgvInput), Object(Symfony/Component/Console/Output/ConsoleOutput))
#26 C:/Users/Windows/.gemini/antigravity-ide/scratch/smpit-almutaqin-presensi/vendor/laravel/framework/src/Illuminate/Foundation/Console/Kernel.php(198): Symfony/Component/Console/Application->run(Object(Symfony/Component/Console/Input/ArgvInput), Object(Symfony/Component/Console/Output/ConsoleOutput))
#27 C:/Users/Windows/.gemini/antigravity-ide/scratch/smpit-almutaqin-presensi/vendor/laravel/framework/src/Illuminate/Foundation/Application.php(1242): Illuminate/Foundation/Console/Kernel->handle(Object(Symfony/Component/Console/Input/ArgvInput), Object(Symfony/Component/Console/Output/ConsoleOutput))
#28 C:/Users/Windows/.gemini/antigravity-ide/scratch/smpit-almutaqin-presensi/artisan(16): Illuminate/Foundation/Application->handleCommand(Object(Symfony/Component/Console/Input/ArgvInput))
#29 {main}
"} 
[2026-08-14 14:02:48] local.INFO: Fonnte WA Sent to 082317087527: {"detail":"success! message in queue","id":[173226078],"process":"pending","quota":{"085129916141":{"details":"deduced from total quota","quota":998,"remaining":997,"used":1}},"requestid":647812972,"status":true,"target":["6282317087527"]}  
[2026-08-18 12:43:42] local.ERROR: Database file at path [smpit_almutaqin] does not exist. Ensure this is an absolute path to the database. (Connection: sqlite, Database: smpit_almutaqin, SQL: select * from "cache" where "key" in (laravel-cache-illuminate:queue:restart)) {"exception":"[object] (Illuminate\\Database\\QueryException(code: 0): Database file at path [smpit_almutaqin] does not exist. Ensure this is an absolute path to the database. (Connection: sqlite, Database: smpit_almutaqin, SQL: select * from \"cache\" where \"key\" in (laravel-cache-illuminate:queue:restart)) at C:/Users/Windows/.gemini/antigravity-ide/scratch/smpit-almutaqin-presensi/vendor/laravel/framework/src/Illuminate/Database/Connection.php:857)
[stacktrace]
#0 C:/Users/Windows/.gemini/antigravity-ide/scratch/smpit-almutaqin-presensi/vendor/laravel/framework/src/Illuminate/Database/Connection.php(813): Illuminate/Database/Connection->runQueryCallback('select * from \"...', Array, Object(Closure))
#1 C:/Users/Windows/.gemini/antigravity-ide/scratch/smpit-almutaqin-presensi/vendor/laravel/framework/src/Illuminate/Database/Connection.php(426): Illuminate/Database/Connection->run('select * from \"...', Array, Object(Closure))
#2 C:/Users/Windows/.gemini/antigravity-ide/scratch/smpit-almutaqin-presensi/vendor/laravel/framework/src/Illuminate/Database/Query/Builder.php(3574): Illuminate/Database/Connection->select('select * from \"...', Array, true, Array)
#3 C:/Users/Windows/.gemini/antigravity-ide/scratch/smpit-almutaqin-presensi/vendor/laravel/framework/src/Illuminate/Database/Query/Builder.php(3558): Illuminate/Database/Query/Builder->runSelect()
#4 C:/Users/Windows/.gemini/antigravity-ide/scratch/smpit-almutaqin-presensi/vendor/laravel/framework/src/Illuminate/Cache/DatabaseStore.php(142): Illuminate/Database/Query/Builder->get()
#5 C:/Users/Windows/.gemini/antigravity-ide/scratch/smpit-almutaqin-presensi/vendor/laravel/framework/src/Illuminate/Cache/DatabaseStore.php(117): Illuminate/Cache/DatabaseStore->many(Array)
#6 C:/Users/Windows/.gemini/antigravity-ide/scratch/smpit-almutaqin-presensi/vendor/laravel/framework/src/Illuminate/Cache/Repository.php(138): Illuminate/Cache/DatabaseStore->get('illuminate:queu...')
#7 C:/Users/Windows/.gemini/antigravity-ide/scratch/smpit-almutaqin-presensi/vendor/laravel/framework/src/Illuminate/Queue/Worker.php(874): Illuminate/Cache/Repository->get('illuminate:queu...')
#8 C:/Users/Windows/.gemini/antigravity-ide/scratch/smpit-almutaqin-presensi/vendor/laravel/framework/src/Illuminate/Queue/Worker.php(214): Illuminate/Queue/Worker->getTimestampOfLastQueueRestart()
#9 C:/Users/Windows/.gemini/antigravity-ide/scratch/smpit-almutaqin-presensi/vendor/laravel/framework/src/Illuminate/Queue/Console/WorkCommand.php(149): Illuminate/Queue/Worker->daemon('database', 'default', Object(Illuminate/Queue/WorkerOptions))
#10 C:/Users/Windows/.gemini/antigravity-ide/scratch/smpit-almutaqin-presensi/vendor/laravel/framework/src/Illuminate/Queue/Console/WorkCommand.php(132): Illuminate/Queue/Console/WorkCommand->runWorker('database', 'default')
#11 C:/Users/Windows/.gemini/antigravity-ide/scratch/smpit-almutaqin-presensi/vendor/laravel/framework/src/Illuminate/Container/BoundMethod.php(36): Illuminate/Queue/Console/WorkCommand->handle()
#12 C:/Users/Windows/.gemini/antigravity-ide/scratch/smpit-almutaqin-presensi/vendor/laravel/framework/src/Illuminate/Container/Util.php(43): Illuminate/Container/BoundMethod::Illuminate/Container/{closure}()
#13 C:/Users/Windows/.gemini/antigravity-ide/scratch/smpit-almutaqin-presensi/vendor/laravel/framework/src/Illuminate/Container/BoundMethod.php(96): Illuminate/Container/Util::unwrapIfClosure(Object(Closure))
#14 C:/Users/Windows/.gemini/antigravity-ide/scratch/smpit-almutaqin-presensi/vendor/laravel/framework/src/Illuminate/Container/BoundMethod.php(35): Illuminate/Container/BoundMethod::callBoundMethod(Object(Illuminate/Foundation/Application), Array, Object(Closure))
#15 C:/Users/Windows/.gemini/antigravity-ide/scratch/smpit-almutaqin-presensi/vendor/laravel/framework/src/Illuminate/Container/Container.php(800): Illuminate/Container/BoundMethod::call(Object(Illuminate/Foundation/Application), Array, Array, NULL)
#16 C:/Users/Windows/.gemini/antigravity-ide/scratch/smpit-almutaqin-presensi/vendor/laravel/framework/src/Illuminate/Console/Command.php(280): Illuminate/Container/Container->call(Array)
#17 C:/Users/Windows/.gemini/antigravity-ide/scratch/smpit-almutaqin-presensi/vendor/symfony/console/Command/Command.php(341): Illuminate/Console/Command->execute(Object(Symfony/Component/Console/Input/ArgvInput), Object(Illuminate/Console/OutputStyle))
#18 C:/Users/Windows/.gemini/antigravity-ide/scratch/smpit-almutaqin-presensi/vendor/laravel/framework/src/Illuminate/Console/Command.php(249): Symfony/Component/Console/Command/Command->run(Object(Symfony/Component/Console/Input/ArgvInput), Object(Illuminate/Console/OutputStyle))
#19 C:/Users/Windows/.gemini/antigravity-ide/scratch/smpit-almutaqin-presensi/vendor/symfony/console/Application.php(1117): Illuminate/Console/Command->run(Object(Symfony/Component/Console/Input/ArgvInput), Object(Symfony/Component/Console/Output/ConsoleOutput))
#20 C:/Users/Windows/.gemini/antigravity-ide/scratch/smpit-almutaqin-presensi/vendor/symfony/console/Application.php(356): Symfony/Component/Console/Application->doRunCommand(Object(Illuminate/Queue/Console/WorkCommand), Object(Symfony/Component/Console/Input/ArgvInput), Object(Symfony/Component/Console/Output/ConsoleOutput))
#21 C:/Users/Windows/.gemini/antigravity-ide/scratch/smpit-almutaqin-presensi/vendor/symfony/console/Application.php(195): Symfony/Component/Console/Application->doRun(Object(Symfony/Component/Console/Input/ArgvInput), Object(Symfony/Component/Console/Output/ConsoleOutput))
#22 C:/Users/Windows/.gemini/antigravity-ide/scratch/smpit-almutaqin-presensi/vendor/laravel/framework/src/Illuminate/Foundation/Console/Kernel.php(198): Symfony/Component/Console/Application->run(Object(Symfony/Component/Console/Input/ArgvInput), Object(Symfony/Component/Console/Output/ConsoleOutput))
#23 C:/Users/Windows/.gemini/antigravity-ide/scratch/smpit-almutaqin-presensi/vendor/laravel/framework/src/Illuminate/Foundation/Application.php(1242): Illuminate/Foundation/Console/Kernel->handle(Object(Symfony/Component/Console/Input/ArgvInput), Object(Symfony/Component/Console/Output/ConsoleOutput))
#24 C:/Users/Windows/.gemini/antigravity-ide/scratch/smpit-almutaqin-presensi/artisan(16): Illuminate/Foundation/Application->handleCommand(Object(Symfony/Component/Console/Input/ArgvInput))
#25 {main}

[previous exception] [object] (Illuminate\\Database\\SQLiteDatabaseDoesNotExistException(code: 0): Database file at path [smpit_almutaqin] does not exist. Ensure this is an absolute path to the database. at C:/Users/Windows/.gemini/antigravity-ide/scratch/smpit-almutaqin-presensi/vendor/laravel/framework/src/Illuminate/Database/Connectors/SQLiteConnector.php:61)
[stacktrace]
#0 C:/Users/Windows/.gemini/antigravity-ide/scratch/smpit-almutaqin-presensi/vendor/laravel/framework/src/Illuminate/Database/Connectors/SQLiteConnector.php(19): Illuminate/Database/Connectors/SQLiteConnector->parseDatabasePath(false)
#1 C:/Users/Windows/.gemini/antigravity-ide/scratch/smpit-almutaqin-presensi/vendor/laravel/framework/src/Illuminate/Database/Connectors/ConnectionFactory.php(259): Illuminate/Database/Connectors/SQLiteConnector->connect(Array)
#2 [internal function]: Illuminate/Database/Connectors/ConnectionFactory->Illuminate/Database/Connectors/{closure}()
#3 C:/Users/Windows/.gemini/antigravity-ide/scratch/smpit-almutaqin-presensi/vendor/laravel/framework/src/Illuminate/Database/Connection.php(1297): call_user_func(Object(Closure))
#4 C:/Users/Windows/.gemini/antigravity-ide/scratch/smpit-almutaqin-presensi/vendor/laravel/framework/src/Illuminate/Database/Connection.php(1335): Illuminate/Database/Connection->getPdo()
#5 C:/Users/Windows/.gemini/antigravity-ide/scratch/smpit-almutaqin-presensi/vendor/laravel/framework/src/Illuminate/Database/Connection.php(542): Illuminate/Database/Connection->getReadPdo()
#6 C:/Users/Windows/.gemini/antigravity-ide/scratch/smpit-almutaqin-presensi/vendor/laravel/framework/src/Illuminate/Database/Connection.php(435): Illuminate/Database/Connection->getPdoForSelect(true)
#7 C:/Users/Windows/.gemini/antigravity-ide/scratch/smpit-almutaqin-presensi/vendor/laravel/framework/src/Illuminate/Database/Connection.php(846): Illuminate/Database/Connection->Illuminate/Database/{closure}('select * from \"...', Array)
#8 C:/Users/Windows/.gemini/antigravity-ide/scratch/smpit-almutaqin-presensi/vendor/laravel/framework/src/Illuminate/Database/Connection.php(813): Illuminate/Database/Connection->runQueryCallback('select * from \"...', Array, Object(Closure))
#9 C:/Users/Windows/.gemini/antigravity-ide/scratch/smpit-almutaqin-presensi/vendor/laravel/framework/src/Illuminate/Database/Connection.php(426): Illuminate/Database/Connection->run('select * from \"...', Array, Object(Closure))
#10 C:/Users/Windows/.gemini/antigravity-ide/scratch/smpit-almutaqin-presensi/vendor/laravel/framework/src/Illuminate/Database/Query/Builder.php(3574): Illuminate/Database/Connection->select('select * from \"...', Array, true, Array)
#11 C:/Users/Windows/.gemini/antigravity-ide/scratch/smpit-almutaqin-presensi/vendor/laravel/framework/src/Illuminate/Database/Query/Builder.php(3558): Illuminate/Database/Query/Builder->runSelect()
#12 C:/Users/Windows/.gemini/antigravity-ide/scratch/smpit-almutaqin-presensi/vendor/laravel/framework/src/Illuminate/Cache/DatabaseStore.php(142): Illuminate/Database/Query/Builder->get()
#13 C:/Users/Windows/.gemini/antigravity-ide/scratch/smpit-almutaqin-presensi/vendor/laravel/framework/src/Illuminate/Cache/DatabaseStore.php(117): Illuminate/Cache/DatabaseStore->many(Array)
#14 C:/Users/Windows/.gemini/antigravity-ide/scratch/smpit-almutaqin-presensi/vendor/laravel/framework/src/Illuminate/Cache/Repository.php(138): Illuminate/Cache/DatabaseStore->get('illuminate:queu...')
#15 C:/Users/Windows/.gemini/antigravity-ide/scratch/smpit-almutaqin-presensi/vendor/laravel/framework/src/Illuminate/Queue/Worker.php(874): Illuminate/Cache/Repository->get('illuminate:queu...')
#16 C:/Users/Windows/.gemini/antigravity-ide/scratch/smpit-almutaqin-presensi/vendor/laravel/framework/src/Illuminate/Queue/Worker.php(214): Illuminate/Queue/Worker->getTimestampOfLastQueueRestart()
#17 C:/Users/Windows/.gemini/antigravity-ide/scratch/smpit-almutaqin-presensi/vendor/laravel/framework/src/Illuminate/Queue/Console/WorkCommand.php(149): Illuminate/Queue/Worker->daemon('database', 'default', Object(Illuminate/Queue/WorkerOptions))
#18 C:/Users/Windows/.gemini/antigravity-ide/scratch/smpit-almutaqin-presensi/vendor/laravel/framework/src/Illuminate/Queue/Console/WorkCommand.php(132): Illuminate/Queue/Console/WorkCommand->runWorker('database', 'default')
#19 C:/Users/Windows/.gemini/antigravity-ide/scratch/smpit-almutaqin-presensi/vendor/laravel/framework/src/Illuminate/Container/BoundMethod.php(36): Illuminate/Queue/Console/WorkCommand->handle()
#20 C:/Users/Windows/.gemini/antigravity-ide/scratch/smpit-almutaqin-presensi/vendor/laravel/framework/src/Illuminate/Container/Util.php(43): Illuminate/Container/BoundMethod::Illuminate/Container/{closure}()
#21 C:/Users/Windows/.gemini/antigravity-ide/scratch/smpit-almutaqin-presensi/vendor/laravel/framework/src/Illuminate/Container/BoundMethod.php(96): Illuminate/Container/Util::unwrapIfClosure(Object(Closure))
#22 C:/Users/Windows/.gemini/antigravity-ide/scratch/smpit-almutaqin-presensi/vendor/laravel/framework/src/Illuminate/Container/BoundMethod.php(35): Illuminate/Container/BoundMethod::callBoundMethod(Object(Illuminate/Foundation/Application), Array, Object(Closure))
#23 C:/Users/Windows/.gemini/antigravity-ide/scratch/smpit-almutaqin-presensi/vendor/laravel/framework/src/Illuminate/Container/Container.php(800): Illuminate/Container/BoundMethod::call(Object(Illuminate/Foundation/Application), Array, Array, NULL)
#24 C:/Users/Windows/.gemini/antigravity-ide/scratch/smpit-almutaqin-presensi/vendor/laravel/framework/src/Illuminate/Console/Command.php(280): Illuminate/Container/Container->call(Array)
#25 C:/Users/Windows/.gemini/antigravity-ide/scratch/smpit-almutaqin-presensi/vendor/symfony/console/Command/Command.php(341): Illuminate/Console/Command->execute(Object(Symfony/Component/Console/Input/ArgvInput), Object(Illuminate/Console/OutputStyle))
#26 C:/Users/Windows/.gemini/antigravity-ide/scratch/smpit-almutaqin-presensi/vendor/laravel/framework/src/Illuminate/Console/Command.php(249): Symfony/Component/Console/Command/Command->run(Object(Symfony/Component/Console/Input/ArgvInput), Object(Illuminate/Console/OutputStyle))
#27 C:/Users/Windows/.gemini/antigravity-ide/scratch/smpit-almutaqin-presensi/vendor/symfony/console/Application.php(1117): Illuminate/Console/Command->run(Object(Symfony/Component/Console/Input/ArgvInput), Object(Symfony/Component/Console/Output/ConsoleOutput))
#28 C:/Users/Windows/.gemini/antigravity-ide/scratch/smpit-almutaqin-presensi/vendor/symfony/console/Application.php(356): Symfony/Component/Console/Application->doRunCommand(Object(Illuminate/Queue/Console/WorkCommand), Object(Symfony/Component/Console/Input/ArgvInput), Object(Symfony/Component/Console/Output/ConsoleOutput))
#29 C:/Users/Windows/.gemini/antigravity-ide/scratch/smpit-almutaqin-presensi/vendor/symfony/console/Application.php(195): Symfony/Component/Console/Application->doRun(Object(Symfony/Component/Console/Input/ArgvInput), Object(Symfony/Component/Console/Output/ConsoleOutput))
#30 C:/Users/Windows/.gemini/antigravity-ide/scratch/smpit-almutaqin-presensi/vendor/laravel/framework/src/Illuminate/Foundation/Console/Kernel.php(198): Symfony/Component/Console/Application->run(Object(Symfony/Component/Console/Input/ArgvInput), Object(Symfony/Component/Console/Output/ConsoleOutput))
#31 C:/Users/Windows/.gemini/antigravity-ide/scratch/smpit-almutaqin-presensi/vendor/laravel/framework/src/Illuminate/Foundation/Application.php(1242): Illuminate/Foundation/Console/Kernel->handle(Object(Symfony/Component/Console/Input/ArgvInput), Object(Symfony/Component/Console/Output/ConsoleOutput))
#32 C:/Users/Windows/.gemini/antigravity-ide/scratch/smpit-almutaqin-presensi/artisan(16): Illuminate/Foundation/Application->handleCommand(Object(Symfony/Component/Console/Input/ArgvInput))
#33 {main}
"} 
[2026-08-18 12:44:00] local.ERROR: Database file at path [smpit_almutaqin] does not exist. Ensure this is an absolute path to the database. (Connection: sqlite, Database: smpit_almutaqin, SQL: select * from "cache" where "key" in (laravel-cache-illuminate:queue:restart)) {"exception":"[object] (Illuminate\\Database\\QueryException(code: 0): Database file at path [smpit_almutaqin] does not exist. Ensure this is an absolute path to the database. (Connection: sqlite, Database: smpit_almutaqin, SQL: select * from \"cache\" where \"key\" in (laravel-cache-illuminate:queue:restart)) at C:/Users/Windows/.gemini/antigravity-ide/scratch/smpit-almutaqin-presensi/vendor/laravel/framework/src/Illuminate/Database/Connection.php:857)
[stacktrace]
#0 C:/Users/Windows/.gemini/antigravity-ide/scratch/smpit-almutaqin-presensi/vendor/laravel/framework/src/Illuminate/Database/Connection.php(813): Illuminate/Database/Connection->runQueryCallback('select * from \"...', Array, Object(Closure))
#1 C:/Users/Windows/.gemini/antigravity-ide/scratch/smpit-almutaqin-presensi/vendor/laravel/framework/src/Illuminate/Database/Connection.php(426): Illuminate/Database/Connection->run('select * from \"...', Array, Object(Closure))
#2 C:/Users/Windows/.gemini/antigravity-ide/scratch/smpit-almutaqin-presensi/vendor/laravel/framework/src/Illuminate/Database/Query/Builder.php(3574): Illuminate/Database/Connection->select('select * from \"...', Array, true, Array)
#3 C:/Users/Windows/.gemini/antigravity-ide/scratch/smpit-almutaqin-presensi/vendor/laravel/framework/src/Illuminate/Database/Query/Builder.php(3558): Illuminate/Database/Query/Builder->runSelect()
#4 C:/Users/Windows/.gemini/antigravity-ide/scratch/smpit-almutaqin-presensi/vendor/laravel/framework/src/Illuminate/Cache/DatabaseStore.php(142): Illuminate/Database/Query/Builder->get()
#5 C:/Users/Windows/.gemini/antigravity-ide/scratch/smpit-almutaqin-presensi/vendor/laravel/framework/src/Illuminate/Cache/DatabaseStore.php(117): Illuminate/Cache/DatabaseStore->many(Array)
#6 C:/Users/Windows/.gemini/antigravity-ide/scratch/smpit-almutaqin-presensi/vendor/laravel/framework/src/Illuminate/Cache/Repository.php(138): Illuminate/Cache/DatabaseStore->get('illuminate:queu...')
#7 C:/Users/Windows/.gemini/antigravity-ide/scratch/smpit-almutaqin-presensi/vendor/laravel/framework/src/Illuminate/Queue/Worker.php(874): Illuminate/Cache/Repository->get('illuminate:queu...')
#8 C:/Users/Windows/.gemini/antigravity-ide/scratch/smpit-almutaqin-presensi/vendor/laravel/framework/src/Illuminate/Queue/Worker.php(214): Illuminate/Queue/Worker->getTimestampOfLastQueueRestart()
#9 C:/Users/Windows/.gemini/antigravity-ide/scratch/smpit-almutaqin-presensi/vendor/laravel/framework/src/Illuminate/Queue/Console/WorkCommand.php(149): Illuminate/Queue/Worker->daemon('database', 'default', Object(Illuminate/Queue/WorkerOptions))
#10 C:/Users/Windows/.gemini/antigravity-ide/scratch/smpit-almutaqin-presensi/vendor/laravel/framework/src/Illuminate/Queue/Console/WorkCommand.php(132): Illuminate/Queue/Console/WorkCommand->runWorker('database', 'default')
#11 C:/Users/Windows/.gemini/antigravity-ide/scratch/smpit-almutaqin-presensi/vendor/laravel/framework/src/Illuminate/Container/BoundMethod.php(36): Illuminate/Queue/Console/WorkCommand->handle()
#12 C:/Users/Windows/.gemini/antigravity-ide/scratch/smpit-almutaqin-presensi/vendor/laravel/framework/src/Illuminate/Container/Util.php(43): Illuminate/Container/BoundMethod::Illuminate/Container/{closure}()
#13 C:/Users/Windows/.gemini/antigravity-ide/scratch/smpit-almutaqin-presensi/vendor/laravel/framework/src/Illuminate/Container/BoundMethod.php(96): Illuminate/Container/Util::unwrapIfClosure(Object(Closure))
#14 C:/Users/Windows/.gemini/antigravity-ide/scratch/smpit-almutaqin-presensi/vendor/laravel/framework/src/Illuminate/Container/BoundMethod.php(35): Illuminate/Container/BoundMethod::callBoundMethod(Object(Illuminate/Foundation/Application), Array, Object(Closure))
#15 C:/Users/Windows/.gemini/antigravity-ide/scratch/smpit-almutaqin-presensi/vendor/laravel/framework/src/Illuminate/Container/Container.php(800): Illuminate/Container/BoundMethod::call(Object(Illuminate/Foundation/Application), Array, Array, NULL)
#16 C:/Users/Windows/.gemini/antigravity-ide/scratch/smpit-almutaqin-presensi/vendor/laravel/framework/src/Illuminate/Console/Command.php(280): Illuminate/Container/Container->call(Array)
#17 C:/Users/Windows/.gemini/antigravity-ide/scratch/smpit-almutaqin-presensi/vendor/symfony/console/Command/Command.php(341): Illuminate/Console/Command->execute(Object(Symfony/Component/Console/Input/ArgvInput), Object(Illuminate/Console/OutputStyle))
#18 C:/Users/Windows/.gemini/antigravity-ide/scratch/smpit-almutaqin-presensi/vendor/laravel/framework/src/Illuminate/Console/Command.php(249): Symfony/Component/Console/Command/Command->run(Object(Symfony/Component/Console/Input/ArgvInput), Object(Illuminate/Console/OutputStyle))
#19 C:/Users/Windows/.gemini/antigravity-ide/scratch/smpit-almutaqin-presensi/vendor/symfony/console/Application.php(1117): Illuminate/Console/Command->run(Object(Symfony/Component/Console/Input/ArgvInput), Object(Symfony/Component/Console/Output/ConsoleOutput))
#20 C:/Users/Windows/.gemini/antigravity-ide/scratch/smpit-almutaqin-presensi/vendor/symfony/console/Application.php(356): Symfony/Component/Console/Application->doRunCommand(Object(Illuminate/Queue/Console/WorkCommand), Object(Symfony/Component/Console/Input/ArgvInput), Object(Symfony/Component/Console/Output/ConsoleOutput))
#21 C:/Users/Windows/.gemini/antigravity-ide/scratch/smpit-almutaqin-presensi/vendor/symfony/console/Application.php(195): Symfony/Component/Console/Application->doRun(Object(Symfony/Component/Console/Input/ArgvInput), Object(Symfony/Component/Console/Output/ConsoleOutput))
#22 C:/Users/Windows/.gemini/antigravity-ide/scratch/smpit-almutaqin-presensi/vendor/laravel/framework/src/Illuminate/Foundation/Console/Kernel.php(198): Symfony/Component/Console/Application->run(Object(Symfony/Component/Console/Input/ArgvInput), Object(Symfony/Component/Console/Output/ConsoleOutput))
#23 C:/Users/Windows/.gemini/antigravity-ide/scratch/smpit-almutaqin-presensi/vendor/laravel/framework/src/Illuminate/Foundation/Application.php(1242): Illuminate/Foundation/Console/Kernel->handle(Object(Symfony/Component/Console/Input/ArgvInput), Object(Symfony/Component/Console/Output/ConsoleOutput))
#24 C:/Users/Windows/.gemini/antigravity-ide/scratch/smpit-almutaqin-presensi/artisan(16): Illuminate/Foundation/Application->handleCommand(Object(Symfony/Component/Console/Input/ArgvInput))
#25 {main}

[previous exception] [object] (Illuminate\\Database\\SQLiteDatabaseDoesNotExistException(code: 0): Database file at path [smpit_almutaqin] does not exist. Ensure this is an absolute path to the database. at C:/Users/Windows/.gemini/antigravity-ide/scratch/smpit-almutaqin-presensi/vendor/laravel/framework/src/Illuminate/Database/Connectors/SQLiteConnector.php:61)
[stacktrace]
#0 C:/Users/Windows/.gemini/antigravity-ide/scratch/smpit-almutaqin-presensi/vendor/laravel/framework/src/Illuminate/Database/Connectors/SQLiteConnector.php(19): Illuminate/Database/Connectors/SQLiteConnector->parseDatabasePath(false)
#1 C:/Users/Windows/.gemini/antigravity-ide/scratch/smpit-almutaqin-presensi/vendor/laravel/framework/src/Illuminate/Database/Connectors/ConnectionFactory.php(259): Illuminate/Database/Connectors/SQLiteConnector->connect(Array)
#2 [internal function]: Illuminate/Database/Connectors/ConnectionFactory->Illuminate/Database/Connectors/{closure}()
#3 C:/Users/Windows/.gemini/antigravity-ide/scratch/smpit-almutaqin-presensi/vendor/laravel/framework/src/Illuminate/Database/Connection.php(1297): call_user_func(Object(Closure))
#4 C:/Users/Windows/.gemini/antigravity-ide/scratch/smpit-almutaqin-presensi/vendor/laravel/framework/src/Illuminate/Database/Connection.php(1335): Illuminate/Database/Connection->getPdo()
#5 C:/Users/Windows/.gemini/antigravity-ide/scratch/smpit-almutaqin-presensi/vendor/laravel/framework/src/Illuminate/Database/Connection.php(542): Illuminate/Database/Connection->getReadPdo()
#6 C:/Users/Windows/.gemini/antigravity-ide/scratch/smpit-almutaqin-presensi/vendor/laravel/framework/src/Illuminate/Database/Connection.php(435): Illuminate/Database/Connection->getPdoForSelect(true)
#7 C:/Users/Windows/.gemini/antigravity-ide/scratch/smpit-almutaqin-presensi/vendor/laravel/framework/src/Illuminate/Database/Connection.php(846): Illuminate/Database/Connection->Illuminate/Database/{closure}('select * from \"...', Array)
#8 C:/Users/Windows/.gemini/antigravity-ide/scratch/smpit-almutaqin-presensi/vendor/laravel/framework/src/Illuminate/Database/Connection.php(813): Illuminate/Database/Connection->runQueryCallback('select * from \"...', Array, Object(Closure))
#9 C:/Users/Windows/.gemini/antigravity-ide/scratch/smpit-almutaqin-presensi/vendor/laravel/framework/src/Illuminate/Database/Connection.php(426): Illuminate/Database/Connection->run('select * from \"...', Array, Object(Closure))
#10 C:/Users/Windows/.gemini/antigravity-ide/scratch/smpit-almutaqin-presensi/vendor/laravel/framework/src/Illuminate/Database/Query/Builder.php(3574): Illuminate/Database/Connection->select('select * from \"...', Array, true, Array)
#11 C:/Users/Windows/.gemini/antigravity-ide/scratch/smpit-almutaqin-presensi/vendor/laravel/framework/src/Illuminate/Database/Query/Builder.php(3558): Illuminate/Database/Query/Builder->runSelect()
#12 C:/Users/Windows/.gemini/antigravity-ide/scratch/smpit-almutaqin-presensi/vendor/laravel/framework/src/Illuminate/Cache/DatabaseStore.php(142): Illuminate/Database/Query/Builder->get()
#13 C:/Users/Windows/.gemini/antigravity-ide/scratch/smpit-almutaqin-presensi/vendor/laravel/framework/src/Illuminate/Cache/DatabaseStore.php(117): Illuminate/Cache/DatabaseStore->many(Array)
#14 C:/Users/Windows/.gemini/antigravity-ide/scratch/smpit-almutaqin-presensi/vendor/laravel/framework/src/Illuminate/Cache/Repository.php(138): Illuminate/Cache/DatabaseStore->get('illuminate:queu...')
#15 C:/Users/Windows/.gemini/antigravity-ide/scratch/smpit-almutaqin-presensi/vendor/laravel/framework/src/Illuminate/Queue/Worker.php(874): Illuminate/Cache/Repository->get('illuminate:queu...')
#16 C:/Users/Windows/.gemini/antigravity-ide/scratch/smpit-almutaqin-presensi/vendor/laravel/framework/src/Illuminate/Queue/Worker.php(214): Illuminate/Queue/Worker->getTimestampOfLastQueueRestart()
#17 C:/Users/Windows/.gemini/antigravity-ide/scratch/smpit-almutaqin-presensi/vendor/laravel/framework/src/Illuminate/Queue/Console/WorkCommand.php(149): Illuminate/Queue/Worker->daemon('database', 'default', Object(Illuminate/Queue/WorkerOptions))
#18 C:/Users/Windows/.gemini/antigravity-ide/scratch/smpit-almutaqin-presensi/vendor/laravel/framework/src/Illuminate/Queue/Console/WorkCommand.php(132): Illuminate/Queue/Console/WorkCommand->runWorker('database', 'default')
#19 C:/Users/Windows/.gemini/antigravity-ide/scratch/smpit-almutaqin-presensi/vendor/laravel/framework/src/Illuminate/Container/BoundMethod.php(36): Illuminate/Queue/Console/WorkCommand->handle()
#20 C:/Users/Windows/.gemini/antigravity-ide/scratch/smpit-almutaqin-presensi/vendor/laravel/framework/src/Illuminate/Container/Util.php(43): Illuminate/Container/BoundMethod::Illuminate/Container/{closure}()
#21 C:/Users/Windows/.gemini/antigravity-ide/scratch/smpit-almutaqin-presensi/vendor/laravel/framework/src/Illuminate/Container/BoundMethod.php(96): Illuminate/Container/Util::unwrapIfClosure(Object(Closure))
#22 C:/Users/Windows/.gemini/antigravity-ide/scratch/smpit-almutaqin-presensi/vendor/laravel/framework/src/Illuminate/Container/BoundMethod.php(35): Illuminate/Container/BoundMethod::callBoundMethod(Object(Illuminate/Foundation/Application), Array, Object(Closure))
#23 C:/Users/Windows/.gemini/antigravity-ide/scratch/smpit-almutaqin-presensi/vendor/laravel/framework/src/Illuminate/Container/Container.php(800): Illuminate/Container/BoundMethod::call(Object(Illuminate/Foundation/Application), Array, Array, NULL)
#24 C:/Users/Windows/.gemini/antigravity-ide/scratch/smpit-almutaqin-presensi/vendor/laravel/framework/src/Illuminate/Console/Command.php(280): Illuminate/Container/Container->call(Array)
#25 C:/Users/Windows/.gemini/antigravity-ide/scratch/smpit-almutaqin-presensi/vendor/symfony/console/Command/Command.php(341): Illuminate/Console/Command->execute(Object(Symfony/Component/Console/Input/ArgvInput), Object(Illuminate/Console/OutputStyle))
#26 C:/Users/Windows/.gemini/antigravity-ide/scratch/smpit-almutaqin-presensi/vendor/laravel/framework/src/Illuminate/Console/Command.php(249): Symfony/Component/Console/Command/Command->run(Object(Symfony/Component/Console/Input/ArgvInput), Object(Illuminate/Console/OutputStyle))
#27 C:/Users/Windows/.gemini/antigravity-ide/scratch/smpit-almutaqin-presensi/vendor/symfony/console/Application.php(1117): Illuminate/Console/Command->run(Object(Symfony/Component/Console/Input/ArgvInput), Object(Symfony/Component/Console/Output/ConsoleOutput))
#28 C:/Users/Windows/.gemini/antigravity-ide/scratch/smpit-almutaqin-presensi/vendor/symfony/console/Application.php(356): Symfony/Component/Console/Application->doRunCommand(Object(Illuminate/Queue/Console/WorkCommand), Object(Symfony/Component/Console/Input/ArgvInput), Object(Symfony/Component/Console/Output/ConsoleOutput))
#29 C:/Users/Windows/.gemini/antigravity-ide/scratch/smpit-almutaqin-presensi/vendor/symfony/console/Application.php(195): Symfony/Component/Console/Application->doRun(Object(Symfony/Component/Console/Input/ArgvInput), Object(Symfony/Component/Console/Output/ConsoleOutput))
#30 C:/Users/Windows/.gemini/antigravity-ide/scratch/smpit-almutaqin-presensi/vendor/laravel/framework/src/Illuminate/Foundation/Console/Kernel.php(198): Symfony/Component/Console/Application->run(Object(Symfony/Component/Console/Input/ArgvInput), Object(Symfony/Component/Console/Output/ConsoleOutput))
#31 C:/Users/Windows/.gemini/antigravity-ide/scratch/smpit-almutaqin-presensi/vendor/laravel/framework/src/Illuminate/Foundation/Application.php(1242): Illuminate/Foundation/Console/Kernel->handle(Object(Symfony/Component/Console/Input/ArgvInput), Object(Symfony/Component/Console/Output/ConsoleOutput))
#32 C:/Users/Windows/.gemini/antigravity-ide/scratch/smpit-almutaqin-presensi/artisan(16): Illuminate/Foundation/Application->handleCommand(Object(Symfony/Component/Console/Input/ArgvInput))
#33 {main}
"} 
[2026-08-18 13:26:05] local.INFO: Fonnte WA Sent to 082317087527: {"detail":"success! message in queue","id":[173801814],"process":"pending","quota":{"085129916141":{"details":"deduced from total quota","quota":997,"remaining":996,"used":1}},"requestid":654468880,"status":true,"target":["6282317087527"]}  
[2026-08-18 13:26:19] local.INFO: Fonnte WA Sent to 085712345678: {"detail":"success! message in queue","id":[173801871],"process":"pending","quota":{"085129916141":{"details":"deduced from total quota","quota":996,"remaining":995,"used":1}},"requestid":654470015,"status":true,"target":["6285712345678"]}  
[2026-08-18 13:26:27] local.INFO: Fonnte WA Sent to 081298765432: {"detail":"success! message in queue","id":[173801889],"process":"pending","quota":{"085129916141":{"details":"deduced from total quota","quota":995,"remaining":994,"used":1}},"requestid":654470396,"status":true,"target":["6281298765432"]}  
[2026-08-18 13:48:02] local.INFO: Fonnte WA Sent to 082317087527: {"reason":"request invalid on disconnected device","requestid":654515549,"status":false}  
[2026-08-18 13:52:52] local.INFO: Fonnte WA Sent to 082317087527: {"reason":"request invalid on disconnected device","requestid":654523543,"status":false}  
